dispute_id,customer_key,invoice_id,dispute_date,dispute_type,disputed_amount,status,assigned_to,response_date,resolution_date,resolution_type,final_amount,days_to_resolve,sla_met,created_date
73fcd44f-186b-47b3-8059-d81d61563da2,1922,202717,2026-02-08,Usage Dispute,28.43,Resolved,Billing Team,2026-02-09,2026-03-03,Goodwill Gesture,5.22,23.0,True,2026-02-08 00:00:00
68a4b79e-2f3f-4e82-ad86-ebc7ac587f91,475,201813,2026-01-27,Contract Terms,71.78,Resolved,Customer Service,2026-01-31,2026-02-25,No Action Required,28.14,29.0,False,2026-01-27 00:00:00
38b9f9ab-95ac-4e10-bd8f-2002659ee71b,252,202184,2026-01-29,Service Not Received,55.36,In Progress,Customer Service,2026-01-30,,,,,,2026-01-29 00:00:00
c30a64db-0bf4-4e40-acf1-4c99dba714fc,4959,204303,2026-02-22,Service Not Received,10.72,Resolved,Finance,2026-02-24,2026-03-06,Partial Credit,0.77,12.0,False,2026-02-22 00:00:00
059736ab-7a9a-40ae-ab32-0c0b9076ec3e,165,202905,2026-02-10,Service Not Received,3004.09,Resolved,Finance,2026-02-14,2026-03-09,Goodwill Gesture,638.07,27.0,True,2026-02-10 00:00:00
9178ee99-3ca6-48c0-95c2-5b585bd3f8c2,85,203370,2026-02-13,Usage Dispute,3.57,Resolved,Customer Service,2026-02-15,2026-03-11,Partial Credit,1.11,26.0,True,2026-02-13 00:00:00
ea965a27-fa16-4448-b52c-ed0500157dc5,964,205355,2026-03-10,Billing Error,4809.39,Resolved,Disputes Team,2026-03-12,2026-03-29,Full Credit,16.71,19.0,True,2026-03-10 00:00:00
65a80242-4805-49f3-badd-1ef46cb220f7,2477,200724,2026-01-18,Incorrect Charge,21.41,Resolved,Finance,2026-01-19,2026-02-04,Full Credit,11.77,17.0,True,2026-01-18 00:00:00
a04c70d2-8b07-477d-bd24-e362d872522b,629,200924,2026-01-16,Service Not Received,29.95,Resolved,Finance,2026-01-18,2026-01-21,Rate Adjustment,22.23,5.0,False,2026-01-16 00:00:00
4049899c-3fe1-463d-8306-7755d0ec5179,479,202951,2026-02-06,Service Not Received,4153.0,Resolved,Billing Team,2026-02-11,2026-02-18,No Action Required,3251.81,12.0,True,2026-02-06 00:00:00
f4500347-1162-4f03-a4e9-c28e9b7d6159,932,202983,2026-02-09,Billing Error,17.83,Resolved,Customer Service,2026-02-13,2026-02-16,Goodwill Gesture,12.57,7.0,True,2026-02-09 00:00:00
4294ecf5-a6b5-46ea-9d86-b0ef79f21bdf,78,201119,2026-01-22,Billing Error,10422.88,Escalated,Customer Service,2026-01-26,,,,,,2026-01-22 00:00:00
67657df4-f11d-4373-8f0e-58e1089577db,4120,204031,2026-02-18,Service Not Received,18.12,In Progress,Disputes Team,2026-02-23,,,,,,2026-02-18 00:00:00
b04f08c1-27d6-4ac1-99a4-4ad81fc762b7,2940,200326,2026-01-11,Usage Dispute,29.57,Resolved,Finance,2026-01-14,2026-01-19,Goodwill Gesture,23.41,8.0,True,2026-01-11 00:00:00
e1d35b99-7aa1-446a-b7aa-c0a3ef91e23c,2092,200016,2026-01-06,Contract Terms,15.32,Resolved,Customer Service,2026-01-10,2026-01-17,Partial Credit,11.83,11.0,True,2026-01-06 00:00:00
dcb27c8a-356c-4c9a-b3ed-65ffb85d0a65,2872,203259,2026-02-09,Contract Terms,59.17,Resolved,Finance,2026-02-14,2026-03-07,Rate Adjustment,33.69,26.0,True,2026-02-09 00:00:00
42c994b8-b63f-42bf-8944-9f257f48efcc,322,200094,2026-01-08,Usage Dispute,1218.21,In Progress,Customer Service,2026-01-10,,,,,,2026-01-08 00:00:00
f32f6521-8874-42d6-a0a2-7b52d2c4597c,784,205300,2026-03-04,Incorrect Charge,8.3,Resolved,Finance,2026-03-09,2026-04-02,Full Credit,1.29,29.0,True,2026-03-04 00:00:00
b51b0a58-9965-4658-a724-b699ad0904a0,366,202770,2026-02-09,Usage Dispute,8439.13,In Progress,Disputes Team,2026-02-14,,,,,,2026-02-09 00:00:00
07c0a42e-8ad6-4e6d-98af-6ceade91b236,405,202803,2026-02-10,Billing Error,57.97,Resolved,Customer Service,2026-02-15,2026-03-08,Full Credit,2.71,26.0,True,2026-02-10 00:00:00
d1f57dfc-1933-4f3c-baf9-e0c2bce858bb,374,205047,2026-03-04,Rate Dispute,5423.75,Resolved,Billing Team,2026-03-07,2026-03-19,Goodwill Gesture,852.86,15.0,True,2026-03-04 00:00:00
6d712294-8eda-4dbc-9411-b3187b6972e7,1060,204111,2026-02-21,Incorrect Charge,70.62,In Progress,Billing Team,2026-02-25,,,,,,2026-02-21 00:00:00
d593197c-dc3b-49fa-87ff-8d3f3e97669e,1073,201820,2026-01-26,Incorrect Charge,30.64,In Progress,Disputes Team,2026-01-29,,,,,,2026-01-26 00:00:00
7e1cf0b8-589a-4d11-828a-12207177b95c,873,205187,2026-03-03,Contract Terms,9708.49,Escalated,Customer Service,2026-03-05,,,,,,2026-03-03 00:00:00
131a58d2-2a8a-45ac-bb50-6063a67ca8c0,150,200812,2026-01-12,Incorrect Charge,1986.84,Resolved,Disputes Team,2026-01-15,2026-01-17,Full Credit,481.78,5.0,False,2026-01-12 00:00:00
3f1990ce-8065-4d97-b81e-cfc6d93e6eac,93,203929,2026-02-18,Billing Error,28.7,In Progress,Billing Team,2026-02-23,,,,,,2026-02-18 00:00:00
53d3c587-a3a4-4808-9dcd-515bdec6bae7,991,202282,2026-01-31,Incorrect Charge,3875.77,In Progress,Billing Team,2026-02-01,,,,,,2026-01-31 00:00:00
5992c384-7043-4661-af59-34da0307b090,3511,200235,2026-01-08,Usage Dispute,17.39,Resolved,Customer Service,2026-01-13,2026-01-13,No Action Required,3.46,5.0,True,2026-01-08 00:00:00
8da1f003-cbfb-4c00-aa6e-97e3c07721a8,517,203526,2026-02-11,Usage Dispute,7.14,Resolved,Billing Team,2026-02-14,2026-02-19,Goodwill Gesture,3.89,8.0,True,2026-02-11 00:00:00
6319f073-becb-4f68-bcc6-cbaf75397c13,2431,202106,2026-02-02,Usage Dispute,21.27,Resolved,Finance,2026-02-05,2026-02-28,Rate Adjustment,11.91,26.0,True,2026-02-02 00:00:00
301fff15-9700-4db9-b7d8-61f79b56ee82,4273,202177,2026-02-03,Contract Terms,15.19,Resolved,Finance,2026-02-07,2026-02-11,Full Credit,5.38,8.0,True,2026-02-03 00:00:00
01006afb-c6af-46e8-8e74-5de5fe3cef87,4906,201921,2026-01-25,Incorrect Charge,28.96,In Progress,Customer Service,2026-01-26,,,,,,2026-01-25 00:00:00
b048c891-449a-40f8-bdb3-0847367f5b6c,2375,203721,2026-02-20,Service Not Received,24.22,Resolved,Finance,2026-02-24,2026-03-22,Full Credit,16.06,30.0,True,2026-02-20 00:00:00
14101a79-5329-49f6-8fc6-cb8e51fddc33,4945,204568,2026-02-26,Incorrect Charge,50.44,In Progress,Billing Team,2026-03-01,,,,,,2026-02-26 00:00:00
fe1156dd-7994-4487-9cdc-afdebdbb56e9,74,205284,2026-03-04,Service Not Received,7038.3,In Progress,Finance,2026-03-05,,,,,,2026-03-04 00:00:00
50cfc81e-b230-49ca-a7e9-00d48c17536d,977,201186,2026-01-21,Contract Terms,15.92,Resolved,Finance,2026-01-25,2026-02-15,Goodwill Gesture,6.02,25.0,True,2026-01-21 00:00:00
c154d696-30f7-4346-8c7f-db9e92f26f23,3408,203994,2026-02-18,Service Not Received,9.12,Resolved,Disputes Team,2026-02-21,2026-02-24,Goodwill Gesture,3.66,6.0,True,2026-02-18 00:00:00
262e28a7-e904-47fd-afc5-253156600067,3004,201776,2026-01-25,Service Not Received,59.92,Resolved,Finance,2026-01-28,2026-02-04,Full Credit,47.01,10.0,True,2026-01-25 00:00:00
93e6ccbd-ee4e-4311-a08c-bab808abcbcd,2688,203165,2026-02-12,Incorrect Charge,38.17,In Progress,Finance,2026-02-15,,,,,,2026-02-12 00:00:00
6de70265-53d4-4a05-84bd-f14866a72112,3112,202165,2026-01-31,Contract Terms,20.15,In Progress,Customer Service,2026-02-01,,,,,,2026-01-31 00:00:00
1c0814d4-4131-407e-9146-759b003a22ae,497,201845,2026-01-28,Incorrect Charge,31.3,In Progress,Billing Team,2026-01-29,,,,,,2026-01-28 00:00:00
9eb7a2eb-b937-437b-a14d-de02c02e8e9c,1081,203144,2026-02-08,Rate Dispute,50.45,In Progress,Finance,2026-02-10,,,,,,2026-02-08 00:00:00
11acaca1-31ee-4773-94c9-a3d647a09472,460,204446,2026-02-22,Billing Error,5569.91,In Progress,Customer Service,2026-02-24,,,,,,2026-02-22 00:00:00
ce2873ce-6328-443a-8dec-470fadb24e53,2306,200012,2026-01-10,Service Not Received,34.8,Resolved,Customer Service,2026-01-12,2026-01-26,Rate Adjustment,10.65,16.0,True,2026-01-10 00:00:00
0995da5b-2ea5-4339-a90f-19ab6421740d,3891,201578,2026-01-27,Incorrect Charge,10.19,Resolved,Finance,2026-01-28,2026-01-30,Partial Credit,6.21,3.0,True,2026-01-27 00:00:00
707c30a4-50ef-4cdb-a968-0d8dd459c441,3526,201013,2026-01-15,Rate Dispute,20.67,In Progress,Disputes Team,2026-01-16,,,,,,2026-01-15 00:00:00
a5e9f36e-5a10-48ce-925a-0ebaaf31a02d,745,202932,2026-02-10,Billing Error,4130.07,Resolved,Billing Team,2026-02-14,2026-03-01,No Action Required,2043.68,19.0,True,2026-02-10 00:00:00
5fa8564b-205b-43da-bd32-2f350e0925c0,336,202234,2026-02-03,Service Not Received,4453.55,In Progress,Disputes Team,2026-02-07,,,,,,2026-02-03 00:00:00
55844fdd-5f0a-491c-aa60-060124cd3205,688,202144,2026-01-28,Incorrect Charge,2214.67,Resolved,Customer Service,2026-02-01,2026-02-09,Partial Credit,747.27,12.0,True,2026-01-28 00:00:00
43279492-30f1-42e0-a679-7565c696a8b5,738,200442,2026-01-09,Service Not Received,8809.66,Escalated,Customer Service,2026-01-13,,,,,,2026-01-09 00:00:00
8c0a8277-8ded-4943-921d-719515bbf600,2006,202100,2026-01-28,Billing Error,61.23,In Progress,Billing Team,2026-01-31,,,,,,2026-01-28 00:00:00
24d8e069-34b5-4fe3-8f67-fd75216e1ba0,446,204224,2026-02-21,Billing Error,5732.35,Resolved,Finance,2026-02-24,2026-03-12,No Action Required,506.18,19.0,False,2026-02-21 00:00:00
13f63dca-e086-4fe3-8424-a3d3fa1fd1d4,2223,203515,2026-02-15,Rate Dispute,50.23,Resolved,Disputes Team,2026-02-17,2026-02-25,Goodwill Gesture,4.86,10.0,False,2026-02-15 00:00:00
34c9965b-ebb6-4679-96e3-21a91ca1c749,1623,203316,2026-02-10,Usage Dispute,63.09,Escalated,Finance,2026-02-11,,,,,,2026-02-10 00:00:00
11bed21c-b77d-43ae-ae12-d88f7a1286fb,951,205135,2026-03-08,Rate Dispute,1170.18,In Progress,Billing Team,2026-03-12,,,,,,2026-03-08 00:00:00
187f0508-fb7c-4393-8471-c1d8bb98aef4,3963,202794,2026-02-05,Billing Error,40.84,In Progress,Customer Service,2026-02-06,,,,,,2026-02-05 00:00:00
bd9f1678-a0b6-476a-84f6-89a7fbd576a4,125,204013,2026-02-18,Rate Dispute,43.12,Resolved,Disputes Team,2026-02-22,2026-03-06,Goodwill Gesture,31.68,16.0,True,2026-02-18 00:00:00
6f4b2ea0-3042-480a-99e5-a96586666c24,926,203574,2026-02-18,Usage Dispute,19.79,In Progress,Disputes Team,2026-02-20,,,,,,2026-02-18 00:00:00
1176be79-7528-4a13-a6e4-3448c24b1e27,247,202640,2026-02-03,Billing Error,834.22,Resolved,Disputes Team,2026-02-04,2026-02-24,No Action Required,328.16,21.0,False,2026-02-03 00:00:00
3bfe1698-7433-452f-aeff-c17a0bfc9348,189,201026,2026-01-22,Billing Error,28.19,In Progress,Billing Team,2026-01-26,,,,,,2026-01-22 00:00:00
3f45d65d-12bf-457c-b65a-5fae5c937a3e,92,204612,2026-02-28,Usage Dispute,7712.36,In Progress,Disputes Team,2026-03-04,,,,,,2026-02-28 00:00:00
94db0dd6-be9b-4267-8fea-0f7bc75aba6e,2722,202116,2026-01-29,Usage Dispute,45.84,Resolved,Customer Service,2026-02-02,2026-02-03,Full Credit,13.5,5.0,False,2026-01-29 00:00:00
07f55393-0c4d-44ee-8a72-63942c64d407,3766,203760,2026-02-19,Contract Terms,18.86,In Progress,Disputes Team,2026-02-24,,,,,,2026-02-19 00:00:00
7945305a-7c97-456f-9086-a1ec12447aaa,878,203810,2026-02-18,Service Not Received,40.1,Resolved,Finance,2026-02-20,2026-03-11,Goodwill Gesture,11.15,21.0,True,2026-02-18 00:00:00
aa3a01f8-0aea-4fd0-903b-6f9357f7a372,168,203548,2026-02-18,Service Not Received,58.54,Resolved,Billing Team,2026-02-23,2026-02-23,Rate Adjustment,23.1,5.0,True,2026-02-18 00:00:00
72c30f05-b518-42b4-bc16-f8b0a6b1668b,2428,204035,2026-02-18,Billing Error,4.07,In Progress,Billing Team,2026-02-19,,,,,,2026-02-18 00:00:00
8f48556f-a4aa-43e5-abcf-153af17859c9,1209,204328,2026-02-27,Usage Dispute,29.5,Resolved,Billing Team,2026-03-04,2026-03-08,Rate Adjustment,9.24,9.0,True,2026-02-27 00:00:00
1fb3390c-d8cb-4f32-a5fd-4bd01f96daa7,2349,201673,2026-01-29,Contract Terms,17.0,Resolved,Billing Team,2026-01-30,2026-02-08,No Action Required,2.94,10.0,True,2026-01-29 00:00:00
8764dfaa-500d-4d4c-b8f9-4a2ba49163f2,4167,202493,2026-02-02,Service Not Received,45.13,Resolved,Disputes Team,2026-02-05,2026-02-13,Goodwill Gesture,29.75,11.0,True,2026-02-02 00:00:00
b7533aae-3a94-460d-ba57-c2f8c11d36d2,624,200114,2026-01-10,Service Not Received,6158.24,Resolved,Billing Team,2026-01-12,2026-02-04,No Action Required,3599.43,25.0,True,2026-01-10 00:00:00
126e6b6e-801d-45f5-a7de-3064dc64c3a1,4347,200751,2026-01-11,Usage Dispute,27.72,Escalated,Finance,2026-01-16,,,,,,2026-01-11 00:00:00
a7f05df4-48c5-487b-a00c-988cd0badf1b,4899,200870,2026-01-15,Usage Dispute,14.14,Resolved,Billing Team,2026-01-16,2026-01-21,Rate Adjustment,4.12,6.0,True,2026-01-15 00:00:00
bb33375a-e394-4eec-846d-5cece686340d,869,201852,2026-01-26,Incorrect Charge,2066.37,Resolved,Disputes Team,2026-01-31,2026-02-04,Rate Adjustment,1108.91,9.0,True,2026-01-26 00:00:00
d541fd3b-e60a-48db-bbc2-91b14283c7b0,2713,200155,2026-01-08,Rate Dispute,81.74,Resolved,Customer Service,2026-01-09,2026-01-20,Partial Credit,16.58,12.0,True,2026-01-08 00:00:00
26c5885d-9713-4698-89e2-142fcc6ad8a4,549,204854,2026-02-28,Rate Dispute,2656.36,Resolved,Billing Team,2026-03-04,2026-03-29,Goodwill Gesture,714.42,29.0,True,2026-02-28 00:00:00
03f804ed-29d6-494a-b209-369b78ed4095,2569,203635,2026-02-12,Incorrect Charge,22.05,In Progress,Billing Team,2026-02-16,,,,,,2026-02-12 00:00:00
0547ce6e-a2fc-409d-834f-4b2d92d7d6f1,514,205275,2026-03-04,Contract Terms,13604.8,In Progress,Billing Team,2026-03-06,,,,,,2026-03-04 00:00:00
9fa3f8fe-f531-4b9c-80d1-49bac6c2e02f,4870,205267,2026-03-06,Billing Error,48.47,Resolved,Billing Team,2026-03-09,2026-03-28,Rate Adjustment,14.59,22.0,False,2026-03-06 00:00:00
84694281-7231-436a-a46d-17295aa73912,4624,202093,2026-01-30,Billing Error,2.16,Resolved,Customer Service,2026-02-02,2026-02-12,Full Credit,1.38,13.0,True,2026-01-30 00:00:00
63cb4f27-9351-4fd7-8b3c-504d74786f00,987,203469,2026-02-16,Incorrect Charge,3083.38,Resolved,Customer Service,2026-02-20,2026-03-12,No Action Required,950.97,24.0,True,2026-02-16 00:00:00
007da85c-e0f3-4adc-bd2c-70897f4978c5,960,202676,2026-02-07,Incorrect Charge,33.81,Resolved,Customer Service,2026-02-09,2026-02-25,Partial Credit,15.12,18.0,False,2026-02-07 00:00:00
a15f2ce3-9ce7-49c4-9fac-6ccc6c329c5c,2869,202902,2026-02-07,Contract Terms,8.98,Resolved,Billing Team,2026-02-08,2026-02-28,Goodwill Gesture,6.05,21.0,False,2026-02-07 00:00:00
1dc868e4-5d0e-4bb3-bd59-30c7b8f3e250,397,204340,2026-02-25,Service Not Received,8.96,Escalated,Finance,2026-03-01,,,,,,2026-02-25 00:00:00
bb320c96-c778-4fc7-b8d9-f6b7fe997dc2,983,203074,2026-02-12,Billing Error,4243.1,Resolved,Customer Service,2026-02-13,2026-02-16,No Action Required,2370.05,4.0,True,2026-02-12 00:00:00
8129dd5c-4150-4db0-96aa-35a56f6dc8ec,2798,205131,2026-03-05,Rate Dispute,43.11,Escalated,Customer Service,2026-03-09,,,,,,2026-03-05 00:00:00
1e7e35f6-2d00-44ec-9baa-2c1340ef8a66,2067,202068,2026-01-27,Billing Error,56.7,Resolved,Customer Service,2026-01-31,2026-02-10,Goodwill Gesture,27.66,14.0,True,2026-01-27 00:00:00
b906bb4d-966e-4820-aa54-46fd1d7f7912,601,202152,2026-02-02,Rate Dispute,10329.02,Resolved,Finance,2026-02-05,2026-02-28,No Action Required,6493.38,26.0,True,2026-02-02 00:00:00
315752b9-c441-4053-be1c-e3f1b2bd0ed0,521,200233,2026-01-13,Contract Terms,6475.29,Resolved,Finance,2026-01-16,2026-01-16,No Action Required,490.47,3.0,True,2026-01-13 00:00:00
554061d7-8c72-4b1e-b71c-5ebd0dc40fef,979,200848,2026-01-16,Incorrect Charge,24.23,Resolved,Billing Team,2026-01-17,2026-02-05,Full Credit,18.59,20.0,True,2026-01-16 00:00:00
182c3cf5-a818-42e5-88f5-658afcd9ac89,673,204085,2026-02-23,Incorrect Charge,18.79,Resolved,Billing Team,2026-02-28,2026-03-02,Full Credit,4.63,7.0,True,2026-02-23 00:00:00
ce37b1ab-86b3-441f-baf2-b36f26263ad1,2797,204894,2026-02-26,Billing Error,10.66,Resolved,Finance,2026-03-03,2026-03-22,No Action Required,5.3,24.0,True,2026-02-26 00:00:00
2a65108f-1533-41ac-a6a5-0a00ac98534d,857,205081,2026-03-02,Contract Terms,5.38,In Progress,Disputes Team,2026-03-04,,,,,,2026-03-02 00:00:00
83dd02b5-2663-4cd8-b2fa-ca46a19b480f,154,200073,2026-01-07,Service Not Received,7770.14,Resolved,Billing Team,2026-01-10,2026-02-06,Goodwill Gesture,2632.66,30.0,True,2026-01-07 00:00:00
43a7e45f-a852-40e4-b165-9c584ad1684e,4018,203093,2026-02-08,Contract Terms,80.25,Resolved,Disputes Team,2026-02-13,2026-02-19,Partial Credit,42.37,11.0,True,2026-02-08 00:00:00
1981b505-df46-4de0-bf75-233524320f14,476,200995,2026-01-18,Incorrect Charge,6014.83,Resolved,Customer Service,2026-01-19,2026-02-14,No Action Required,4403.38,27.0,True,2026-01-18 00:00:00
76406ed3-703b-4991-9639-c2eec6d8816a,439,204334,2026-02-23,Service Not Received,8.28,Escalated,Disputes Team,2026-02-25,,,,,,2026-02-23 00:00:00
bf48cace-05a9-4bbe-928c-53665813fd2e,3009,200105,2026-01-06,Rate Dispute,33.35,Resolved,Disputes Team,2026-01-07,2026-01-30,Full Credit,13.93,24.0,True,2026-01-06 00:00:00
a19c82b5-e78d-4148-af93-9ca57c20dc31,3406,201981,2026-01-28,Service Not Received,35.04,Resolved,Customer Service,2026-02-02,2026-02-14,Partial Credit,14.27,17.0,True,2026-01-28 00:00:00
df006ef3-ced2-437e-acc3-221db36670f1,3066,202823,2026-02-03,Incorrect Charge,13.56,In Progress,Customer Service,2026-02-07,,,,,,2026-02-03 00:00:00
2f20fba5-e844-48c7-8ea5-59956be68764,1102,201577,2026-01-24,Service Not Received,42.76,In Progress,Billing Team,2026-01-29,,,,,,2026-01-24 00:00:00
5090559f-8fbc-49a0-8810-0482f47f68d4,2852,201997,2026-02-01,Usage Dispute,1.62,In Progress,Finance,2026-02-06,,,,,,2026-02-01 00:00:00
6050d22d-8065-47d5-963c-5bf4ca326b8d,720,201663,2026-01-23,Rate Dispute,2170.09,Resolved,Billing Team,2026-01-26,2026-02-04,Goodwill Gesture,1225.12,12.0,True,2026-01-23 00:00:00
1f10b462-bdc8-48a2-9ce7-d68e694f45d3,839,205227,2026-03-08,Billing Error,6719.26,In Progress,Billing Team,2026-03-09,,,,,,2026-03-08 00:00:00
7523829d-2974-4ecb-ae50-06a874769bb0,3607,203062,2026-02-13,Usage Dispute,10.29,Escalated,Finance,2026-02-14,,,,,,2026-02-13 00:00:00
53cb5cd6-5a7e-4eca-a7f3-2a804c16162f,2064,203564,2026-02-18,Billing Error,47.45,Resolved,Finance,2026-02-20,2026-03-06,No Action Required,11.83,16.0,False,2026-02-18 00:00:00
351651f1-4751-4a8c-b122-9a164a3a9422,1684,202908,2026-02-10,Usage Dispute,28.94,Escalated,Billing Team,2026-02-15,,,,,,2026-02-10 00:00:00
11b097a8-9459-4e1a-a7ea-21f00c2fc96a,2544,201438,2026-01-24,Contract Terms,30.34,Resolved,Billing Team,2026-01-25,2026-02-08,Partial Credit,10.0,15.0,True,2026-01-24 00:00:00
475662ab-5d33-40ed-8a0f-704a2d7df187,2357,205043,2026-03-06,Rate Dispute,22.51,Resolved,Billing Team,2026-03-10,2026-04-05,Goodwill Gesture,5.09,30.0,False,2026-03-06 00:00:00
dd9636fb-0ab6-4bb2-83ea-95d6a702e88b,2455,202669,2026-02-06,Usage Dispute,8.2,Resolved,Finance,2026-02-07,2026-02-10,No Action Required,3.23,4.0,True,2026-02-06 00:00:00
aaf5d00e-c59a-446e-8a5c-bb471413c968,4688,200998,2026-01-18,Usage Dispute,28.57,Resolved,Billing Team,2026-01-22,2026-02-03,Rate Adjustment,16.16,16.0,False,2026-01-18 00:00:00
aed46236-dac1-4350-802a-195bb240a3b6,89,202648,2026-02-04,Contract Terms,27.56,Resolved,Disputes Team,2026-02-06,2026-02-10,Partial Credit,10.58,6.0,True,2026-02-04 00:00:00
8948352e-80e7-4152-b914-6a2e1260b201,1834,202851,2026-02-05,Billing Error,74.87,Escalated,Billing Team,2026-02-08,,,,,,2026-02-05 00:00:00
28a4ebc2-1d89-4d05-925c-65bea9195a51,635,203402,2026-02-12,Incorrect Charge,12969.95,Resolved,Disputes Team,2026-02-17,2026-02-25,Full Credit,1020.18,13.0,True,2026-02-12 00:00:00
1b67b296-d47d-441a-84e6-a582fb25f7b1,1004,204106,2026-02-24,Usage Dispute,17.72,Resolved,Disputes Team,2026-03-01,2026-03-26,Rate Adjustment,13.8,30.0,True,2026-02-24 00:00:00
65c928c6-87dc-4631-8a55-081dc08c5774,723,204750,2026-02-27,Service Not Received,31.58,In Progress,Billing Team,2026-03-02,,,,,,2026-02-27 00:00:00
2ae6a730-4805-4bca-a9b1-5dd0bd5ab0a2,4703,200729,2026-01-13,Contract Terms,23.75,Resolved,Disputes Team,2026-01-18,2026-01-23,Partial Credit,9.72,10.0,True,2026-01-13 00:00:00
59a5c015-9b2d-4492-a612-cc46aef10957,2436,204576,2026-02-23,Contract Terms,70.23,Resolved,Customer Service,2026-02-28,2026-03-13,Rate Adjustment,9.58,18.0,True,2026-02-23 00:00:00
f1429285-cf3d-4a15-b84a-70db73d92437,543,200258,2026-01-12,Contract Terms,532.29,In Progress,Disputes Team,2026-01-17,,,,,,2026-01-12 00:00:00
4ba074ca-3e04-41f0-bb00-d3c96ca81fdc,968,205293,2026-03-02,Rate Dispute,5930.34,Resolved,Customer Service,2026-03-03,2026-03-10,Full Credit,1574.17,8.0,True,2026-03-02 00:00:00
a0492b78-a3f4-4d48-b6a7-bb9303d5dd4d,3123,204570,2026-02-24,Rate Dispute,28.33,Escalated,Billing Team,2026-03-01,,,,,,2026-02-24 00:00:00
073f4c95-d507-4aa3-bca1-2394fdfc5c90,723,202550,2026-02-06,Incorrect Charge,4690.9,Resolved,Finance,2026-02-08,2026-03-06,Partial Credit,2132.93,28.0,False,2026-02-06 00:00:00
8c3a44c5-639c-4eea-b93e-3e313902efb8,776,202801,2026-02-07,Billing Error,5438.73,In Progress,Billing Team,2026-02-10,,,,,,2026-02-07 00:00:00
d581557e-8af5-40b4-9515-469137e6a567,1852,203492,2026-02-14,Rate Dispute,16.57,Escalated,Disputes Team,2026-02-15,,,,,,2026-02-14 00:00:00
96739b9a-0d42-471a-b17f-a0ab8b8e9851,538,204911,2026-03-04,Contract Terms,8.73,Escalated,Disputes Team,2026-03-09,,,,,,2026-03-04 00:00:00
c527843c-6e33-4bad-ae7f-98910429ef91,1391,200078,2026-01-05,Billing Error,14.45,In Progress,Finance,2026-01-06,,,,,,2026-01-05 00:00:00
4faa26c6-00de-49e3-aa87-d87249dbae5c,497,202631,2026-02-06,Service Not Received,8223.17,Resolved,Disputes Team,2026-02-11,2026-02-14,No Action Required,3452.66,8.0,True,2026-02-06 00:00:00
922999bc-0387-453a-b9c8-d03959b39ac1,4040,202833,2026-02-07,Service Not Received,22.22,In Progress,Finance,2026-02-12,,,,,,2026-02-07 00:00:00
7c5c31df-1e45-42c9-9dd2-b78b203ca9f5,3944,200811,2026-01-17,Billing Error,12.2,Resolved,Disputes Team,2026-01-22,2026-02-16,Full Credit,6.72,30.0,True,2026-01-17 00:00:00
6dd980f0-4e51-466b-807f-85c8b3e150d2,4405,200616,2026-01-17,Billing Error,26.77,Resolved,Disputes Team,2026-01-20,2026-02-14,Partial Credit,8.62,28.0,False,2026-01-17 00:00:00
20723e4d-0431-4c2d-802c-7566ec132c63,133,204621,2026-02-25,Usage Dispute,2493.61,Resolved,Finance,2026-02-28,2026-03-05,Full Credit,1565.58,8.0,False,2026-02-25 00:00:00
9f2cd813-6fa5-46c2-829c-8fa8575f1fea,542,200707,2026-01-16,Incorrect Charge,1198.46,Escalated,Disputes Team,2026-01-20,,,,,,2026-01-16 00:00:00
dc27ccc6-e40e-4952-9479-e02e9f008821,3311,201273,2026-01-23,Billing Error,22.09,Resolved,Disputes Team,2026-01-27,2026-02-01,Rate Adjustment,0.16,9.0,True,2026-01-23 00:00:00
bf170f6f-99f8-4c67-9cb2-3735dce23928,4075,204166,2026-02-25,Usage Dispute,9.22,Resolved,Disputes Team,2026-02-27,2026-03-21,Partial Credit,5.35,24.0,True,2026-02-25 00:00:00
33fc8a92-26ff-44b1-b1fc-0e9cd7dc12fc,217,203330,2026-02-15,Usage Dispute,24.01,Resolved,Finance,2026-02-17,2026-03-17,Rate Adjustment,2.5,30.0,True,2026-02-15 00:00:00
e577c03d-9d5c-4172-93f6-8ddbaa697fa5,793,204907,2026-02-28,Billing Error,4747.91,Resolved,Billing Team,2026-03-02,2026-03-20,Partial Credit,1030.94,20.0,True,2026-02-28 00:00:00
765332ac-e4f5-4273-a5cb-180482d3e241,577,202647,2026-02-03,Billing Error,932.11,Resolved,Finance,2026-02-07,2026-02-24,No Action Required,190.17,21.0,True,2026-02-03 00:00:00
d8213f93-beee-4b23-8c50-a26fee88ce79,3309,205137,2026-03-07,Billing Error,13.52,Resolved,Finance,2026-03-12,2026-04-06,Goodwill Gesture,2.84,30.0,True,2026-03-07 00:00:00
6e015728-a7d4-4a82-926f-f0c74062214a,17,205014,2026-03-06,Service Not Received,6.36,Resolved,Customer Service,2026-03-08,2026-04-04,Rate Adjustment,0.42,29.0,True,2026-03-06 00:00:00
35baa828-4a50-4393-9fa4-203561eab714,1317,202306,2026-02-03,Rate Dispute,25.58,Resolved,Customer Service,2026-02-04,2026-03-02,Goodwill Gesture,1.99,27.0,True,2026-02-03 00:00:00
0639cdf7-bf64-4aae-b932-d46a8689bc6c,954,204798,2026-02-28,Rate Dispute,397.4,Escalated,Billing Team,2026-03-05,,,,,,2026-02-28 00:00:00
459e95f1-ad0e-4692-95e9-d937fc631651,3627,203451,2026-02-11,Usage Dispute,48.75,Resolved,Customer Service,2026-02-13,2026-02-16,Goodwill Gesture,31.21,5.0,False,2026-02-11 00:00:00
25040c05-225b-48a6-ab74-22ee28314021,2667,203740,2026-02-14,Incorrect Charge,27.92,Resolved,Customer Service,2026-02-15,2026-03-15,Rate Adjustment,13.21,29.0,True,2026-02-14 00:00:00
44971ad6-9415-46ba-9e8b-53645de977e9,4658,203126,2026-02-12,Billing Error,37.89,Resolved,Disputes Team,2026-02-16,2026-03-08,Rate Adjustment,2.44,24.0,True,2026-02-12 00:00:00
aa671b99-f7cb-4a44-87c3-b6ad72770010,2837,200021,2026-01-05,Service Not Received,41.81,Resolved,Disputes Team,2026-01-07,2026-01-17,No Action Required,10.06,12.0,True,2026-01-05 00:00:00
c1c34df8-fef2-4758-8c30-8ef9f9f09569,128,200511,2026-01-13,Usage Dispute,140.69,Resolved,Billing Team,2026-01-16,2026-01-25,Rate Adjustment,55.54,12.0,True,2026-01-13 00:00:00
b661616f-e86c-440e-b52f-f7a6ab717b1d,3656,203388,2026-02-14,Rate Dispute,56.86,In Progress,Customer Service,2026-02-15,,,,,,2026-02-14 00:00:00
3d90f036-0754-4a4b-8ad5-50ec06a4bd13,4693,205364,2026-03-09,Incorrect Charge,67.16,Resolved,Finance,2026-03-12,2026-03-31,Partial Credit,4.7,22.0,True,2026-03-09 00:00:00
152e2856-7009-4b74-8747-5032c6d63bb0,3232,204123,2026-02-19,Usage Dispute,25.73,Escalated,Customer Service,2026-02-20,,,,,,2026-02-19 00:00:00
ce037155-32fc-45d5-91a6-88af9d29e622,193,204125,2026-02-19,Contract Terms,19.62,In Progress,Billing Team,2026-02-22,,,,,,2026-02-19 00:00:00
88a276a7-0d12-4818-a682-f2122024a421,2320,205122,2026-03-01,Billing Error,19.2,Resolved,Customer Service,2026-03-04,2026-03-31,Full Credit,1.25,30.0,False,2026-03-01 00:00:00
d132f5bc-076d-42ff-9ceb-5cfb2d524a24,1713,204338,2026-02-27,Incorrect Charge,14.2,Escalated,Customer Service,2026-03-02,,,,,,2026-02-27 00:00:00
8f638f2e-52e2-40ba-8296-f41d00969051,2181,204837,2026-03-01,Incorrect Charge,18.08,In Progress,Finance,2026-03-03,,,,,,2026-03-01 00:00:00
82c199f4-569c-407a-b7fa-95c3fa8df932,4820,202056,2026-01-28,Usage Dispute,39.05,Resolved,Disputes Team,2026-01-30,2026-02-22,No Action Required,9.02,25.0,True,2026-01-28 00:00:00
6db680aa-36b8-4d8f-999d-2b01a1efb3cb,1141,200160,2026-01-09,Usage Dispute,8.16,Escalated,Customer Service,2026-01-13,,,,,,2026-01-09 00:00:00
3af2cb9a-c6fc-4614-8330-a25508a571c6,404,202507,2026-02-06,Contract Terms,6326.3,Escalated,Billing Team,2026-02-07,,,,,,2026-02-06 00:00:00
a882c7f5-f869-4560-bde6-b63e77f9173e,3516,202622,2026-02-05,Contract Terms,26.36,In Progress,Billing Team,2026-02-07,,,,,,2026-02-05 00:00:00
d1328e48-a0f2-4b42-9fbb-6edb02bbe1ec,4346,203610,2026-02-18,Usage Dispute,30.75,In Progress,Disputes Team,2026-02-22,,,,,,2026-02-18 00:00:00
619a7c75-e044-467c-9fbc-574f41584eb4,1175,202145,2026-01-29,Contract Terms,34.12,Escalated,Customer Service,2026-02-02,,,,,,2026-01-29 00:00:00
26ed1284-a17f-4be1-97cf-f2a5cc1e31a9,4835,205354,2026-03-10,Billing Error,56.7,In Progress,Finance,2026-03-14,,,,,,2026-03-10 00:00:00
10cff1cc-98aa-4ec4-b9b8-8a6e138a9685,700,201947,2026-02-01,Billing Error,8.85,In Progress,Finance,2026-02-03,,,,,,2026-02-01 00:00:00
572de3ce-6cb7-4d16-aa1c-5c806febee0a,4112,202692,2026-02-02,Contract Terms,52.2,Resolved,Finance,2026-02-04,2026-02-21,Rate Adjustment,36.78,19.0,True,2026-02-02 00:00:00
1b1acd92-9783-4370-ba57-4fc9fe167b9e,2842,203750,2026-02-15,Incorrect Charge,42.65,In Progress,Finance,2026-02-16,,,,,,2026-02-15 00:00:00
5896dc6a-f993-4571-9377-e04f2772675c,336,202832,2026-02-07,Billing Error,2961.77,Resolved,Billing Team,2026-02-11,2026-03-07,Rate Adjustment,434.63,28.0,False,2026-02-07 00:00:00
bded6051-4cd4-4221-94cd-3f86abdf08ae,127,200280,2026-01-13,Billing Error,11038.37,Resolved,Finance,2026-01-17,2026-01-25,Partial Credit,7744.22,12.0,True,2026-01-13 00:00:00
df32be3a-c99b-4f13-adcc-45ad965d257b,1894,204616,2026-02-24,Billing Error,54.18,Resolved,Finance,2026-03-01,2026-03-25,Full Credit,23.02,29.0,True,2026-02-24 00:00:00
9b401f1a-d2ac-47eb-a4e1-a3fadf879a14,1460,205239,2026-03-08,Contract Terms,38.51,Escalated,Finance,2026-03-09,,,,,,2026-03-08 00:00:00
6d008495-541e-42c0-8682-19f67be89894,254,201980,2026-01-28,Billing Error,7222.96,Resolved,Customer Service,2026-01-29,2026-02-19,Partial Credit,587.71,22.0,True,2026-01-28 00:00:00
5655785c-e542-437c-8f46-21d8d3cc742e,214,202670,2026-02-02,Contract Terms,12802.95,In Progress,Customer Service,2026-02-07,,,,,,2026-02-02 00:00:00
bacc5ef4-a912-46c8-ad39-ca6fe95ba98d,730,204524,2026-02-26,Usage Dispute,7492.38,Resolved,Disputes Team,2026-03-03,2026-03-12,Full Credit,2244.87,14.0,True,2026-02-26 00:00:00
22b859fb-da5d-4e94-a51d-c5cc77b49bec,539,203404,2026-02-09,Billing Error,2206.78,Escalated,Billing Team,2026-02-14,,,,,,2026-02-09 00:00:00
17f9c7f2-816a-4627-aee6-17d8b6195e92,4625,201837,2026-01-26,Usage Dispute,53.08,Resolved,Disputes Team,2026-01-27,2026-02-20,Goodwill Gesture,39.86,25.0,False,2026-01-26 00:00:00
2792d1b4-f707-4294-b5a9-9f895a273a14,2627,202450,2026-02-05,Rate Dispute,76.67,Escalated,Disputes Team,2026-02-08,,,,,,2026-02-05 00:00:00
d2ad8c78-c2c7-4ae7-a830-3022ccb72a9a,2650,201871,2026-01-30,Incorrect Charge,30.49,In Progress,Billing Team,2026-02-03,,,,,,2026-01-30 00:00:00
864696d3-487a-4297-949b-40245b453a52,145,201420,2026-01-24,Incorrect Charge,2491.47,Resolved,Customer Service,2026-01-27,2026-02-07,Goodwill Gesture,1206.54,14.0,True,2026-01-24 00:00:00
95e938dc-e55f-4a74-baa2-7b5569307a0c,3811,204807,2026-02-25,Service Not Received,38.87,Resolved,Billing Team,2026-03-02,2026-03-22,Rate Adjustment,24.2,25.0,True,2026-02-25 00:00:00
a2bf3ac6-0a0c-4b82-89d5-505b99b25f02,2086,200009,2026-01-06,Contract Terms,21.75,Resolved,Disputes Team,2026-01-07,2026-01-13,Rate Adjustment,14.43,7.0,True,2026-01-06 00:00:00
7b4c5219-d135-4c06-8223-3497ecb7d11b,4230,204755,2026-02-27,Rate Dispute,64.34,Resolved,Finance,2026-03-02,2026-03-22,Goodwill Gesture,24.45,23.0,True,2026-02-27 00:00:00
57fcfdf5-ab80-4cb9-847f-5445730f55b0,1643,203741,2026-02-14,Billing Error,29.17,Resolved,Finance,2026-02-17,2026-03-04,Full Credit,23.09,18.0,True,2026-02-14 00:00:00
9d060a21-9c07-4586-924b-5a4a211af418,2742,204383,2026-02-27,Incorrect Charge,71.64,In Progress,Customer Service,2026-03-03,,,,,,2026-02-27 00:00:00
c6293e21-6c76-48ed-992b-1dfa6b34fb88,1959,202452,2026-02-07,Contract Terms,32.38,In Progress,Disputes Team,2026-02-08,,,,,,2026-02-07 00:00:00
f41bd431-30d2-4259-a4c1-a6589fd05459,602,201494,2026-01-23,Usage Dispute,947.46,Resolved,Billing Team,2026-01-28,2026-02-03,No Action Required,95.81,11.0,True,2026-01-23 00:00:00
ab311b7b-28c5-4973-b0a8-e06e52e0b1d3,4676,200583,2026-01-13,Contract Terms,30.04,Resolved,Disputes Team,2026-01-14,2026-01-30,Rate Adjustment,19.26,17.0,True,2026-01-13 00:00:00
d108bdcc-7a60-4bf6-a58f-dcb3f52bc9db,941,201155,2026-01-16,Incorrect Charge,1001.62,Resolved,Finance,2026-01-20,2026-02-14,No Action Required,441.04,29.0,True,2026-01-16 00:00:00
2fb79540-a310-477b-bce2-766e89dd991f,4218,201355,2026-01-22,Contract Terms,11.33,Resolved,Finance,2026-01-23,2026-01-29,No Action Required,5.36,7.0,False,2026-01-22 00:00:00
9fbe49a3-263b-408b-8302-5afe376fc21d,3229,200151,2026-01-12,Billing Error,9.18,In Progress,Customer Service,2026-01-14,,,,,,2026-01-12 00:00:00
9267b607-ed2c-40a3-8591-dcbd5c7fc90b,1692,200935,2026-01-17,Rate Dispute,78.55,Resolved,Finance,2026-01-18,2026-01-26,No Action Required,38.7,9.0,True,2026-01-17 00:00:00
7d9f3758-0f89-4a4f-ba9d-9793f577aaaf,2118,200482,2026-01-16,Contract Terms,85.42,Resolved,Finance,2026-01-19,2026-02-13,Rate Adjustment,65.86,28.0,True,2026-01-16 00:00:00
3efc2fe2-e86e-458e-80f2-91b91c400dbd,3672,205143,2026-03-07,Incorrect Charge,7.33,Resolved,Disputes Team,2026-03-10,2026-04-03,No Action Required,0.0,27.0,True,2026-03-07 00:00:00
55767f2a-cba6-4ad3-a643-ae49e2085052,4685,200323,2026-01-12,Billing Error,51.46,Resolved,Customer Service,2026-01-16,2026-01-30,No Action Required,10.87,18.0,True,2026-01-12 00:00:00
5ec966d4-7286-4a12-83b9-9604ff0b0d24,1821,201163,2026-01-18,Usage Dispute,14.16,Resolved,Finance,2026-01-20,2026-01-28,Goodwill Gesture,7.76,10.0,True,2026-01-18 00:00:00
317a4e76-1381-4394-8df0-311e2b8e92ed,868,203456,2026-02-16,Rate Dispute,9928.8,Resolved,Finance,2026-02-21,2026-03-10,No Action Required,7749.23,22.0,True,2026-02-16 00:00:00
a7b66987-53a1-4f3d-a127-178cdba60fd1,4170,203461,2026-02-12,Service Not Received,18.22,Resolved,Finance,2026-02-17,2026-02-26,Goodwill Gesture,13.87,14.0,True,2026-02-12 00:00:00
9f381c01-8e98-430e-bdf5-e9e16c63b8a3,1006,203275,2026-02-08,Usage Dispute,69.66,Resolved,Customer Service,2026-02-11,2026-02-27,Rate Adjustment,23.3,19.0,False,2026-02-08 00:00:00
b7d7faa0-3d84-4e1f-b173-8b4ccb94da51,3918,200574,2026-01-12,Usage Dispute,3.43,Resolved,Finance,2026-01-13,2026-02-05,No Action Required,0.67,24.0,True,2026-01-12 00:00:00
0d41c3c7-ce9e-44de-bfac-fd152cd17b13,735,204084,2026-02-22,Rate Dispute,926.81,Escalated,Billing Team,2026-02-23,,,,,,2026-02-22 00:00:00
e8c96d9e-f730-43be-be60-6c87caca8455,3254,204740,2026-03-01,Incorrect Charge,80.57,Resolved,Billing Team,2026-03-02,2026-03-27,Full Credit,63.34,26.0,True,2026-03-01 00:00:00
f6d85da9-48f6-494f-9e4b-ac85d67ffbef,4586,204610,2026-03-02,Usage Dispute,17.72,In Progress,Disputes Team,2026-03-04,,,,,,2026-03-02 00:00:00
199109ae-02f5-4d4a-86af-2928000b41a6,4316,201780,2026-01-24,Contract Terms,18.2,In Progress,Finance,2026-01-25,,,,,,2026-01-24 00:00:00
335fbcd0-43bf-47cf-b8fd-20cabe7e2fd8,1918,200746,2026-01-16,Rate Dispute,27.34,Resolved,Billing Team,2026-01-18,2026-02-05,Full Credit,1.81,20.0,True,2026-01-16 00:00:00
4708ed05-2587-4d01-b3b2-49f3139edb1b,1022,200018,2026-01-07,Contract Terms,6.63,In Progress,Billing Team,2026-01-09,,,,,,2026-01-07 00:00:00
09943e62-4199-41ef-bfde-d86a2c3288f4,4451,203667,2026-02-14,Billing Error,17.82,Resolved,Disputes Team,2026-02-15,2026-02-17,Partial Credit,9.55,3.0,True,2026-02-14 00:00:00
6b6a8397-771e-45d7-b04c-5d0a525c71fd,372,200709,2026-01-16,Service Not Received,426.64,Resolved,Disputes Team,2026-01-20,2026-02-01,Rate Adjustment,189.84,16.0,True,2026-01-16 00:00:00
1ae264f0-ca67-466c-badf-535210d3d6c6,2501,201579,2026-01-23,Service Not Received,19.5,Resolved,Billing Team,2026-01-27,2026-02-18,Rate Adjustment,7.24,26.0,True,2026-01-23 00:00:00
1d16c017-7e4b-4d1f-b36c-0ae87c9576ca,439,200866,2026-01-15,Billing Error,7.05,In Progress,Customer Service,2026-01-18,,,,,,2026-01-15 00:00:00
47b707fd-a48a-4ee0-8329-b55af0c315a4,1203,201783,2026-01-25,Incorrect Charge,43.37,Resolved,Billing Team,2026-01-29,2026-02-13,Rate Adjustment,1.56,19.0,True,2026-01-25 00:00:00
54519e65-b534-4725-8465-08c80915e24b,4101,201701,2026-01-26,Contract Terms,42.69,Resolved,Customer Service,2026-01-31,2026-02-23,No Action Required,0.36,28.0,False,2026-01-26 00:00:00
4237f7c6-1503-4109-8ae7-ed2dd283f8bf,906,200996,2026-01-19,Service Not Received,34.38,Resolved,Customer Service,2026-01-24,2026-02-05,No Action Required,16.87,17.0,True,2026-01-19 00:00:00
d7f73a6a-c29b-442b-b106-91715ed4b26a,131,202481,2026-02-02,Incorrect Charge,10.06,In Progress,Finance,2026-02-07,,,,,,2026-02-02 00:00:00
f4499838-ce4d-4b54-bdff-5da818d82bf1,1333,203757,2026-02-18,Usage Dispute,23.89,Resolved,Disputes Team,2026-02-22,2026-03-09,Full Credit,12.2,19.0,True,2026-02-18 00:00:00
5099b51c-f74d-4bd0-aea5-0725c0af095a,523,205292,2026-03-06,Billing Error,28.15,Resolved,Customer Service,2026-03-07,2026-03-28,Partial Credit,6.34,22.0,True,2026-03-06 00:00:00
1fdc609b-58ac-4255-a603-b911cfa49a05,3830,200238,2026-01-06,Rate Dispute,7.32,Escalated,Finance,2026-01-07,,,,,,2026-01-06 00:00:00
3e16beb3-7629-492b-95d4-fc55313eb4a9,973,204097,2026-02-19,Rate Dispute,75.73,In Progress,Disputes Team,2026-02-24,,,,,,2026-02-19 00:00:00
2c99b1c2-d984-47eb-acb2-24ddf9485cfa,4740,203000,2026-02-08,Contract Terms,69.24,In Progress,Disputes Team,2026-02-09,,,,,,2026-02-08 00:00:00
8dffe901-f24f-487e-8695-26e58a342e02,1148,203788,2026-02-14,Contract Terms,18.82,Resolved,Customer Service,2026-02-18,2026-02-21,Rate Adjustment,11.13,7.0,True,2026-02-14 00:00:00
5a81d581-b4ca-42de-8c47-b9fe2946ec3e,2338,202262,2026-01-29,Billing Error,29.46,Resolved,Disputes Team,2026-01-30,2026-02-08,No Action Required,10.88,10.0,True,2026-01-29 00:00:00
86a59903-5908-4276-bf1c-1ffe0b6767e1,4843,205039,2026-03-01,Rate Dispute,64.89,Resolved,Customer Service,2026-03-02,2026-03-26,Full Credit,14.97,25.0,True,2026-03-01 00:00:00
bc974611-365c-4dc3-b5d1-0e22db6f0610,440,200654,2026-01-13,Contract Terms,12.93,In Progress,Customer Service,2026-01-16,,,,,,2026-01-13 00:00:00
e040b656-d650-46da-9dfe-291f13642b8d,3959,200193,2026-01-08,Incorrect Charge,22.16,Resolved,Finance,2026-01-10,2026-01-21,Rate Adjustment,15.96,13.0,True,2026-01-08 00:00:00
27211927-3c38-469d-9738-94a66e01d739,4114,202683,2026-02-05,Incorrect Charge,53.12,Resolved,Finance,2026-02-09,2026-02-19,Full Credit,25.11,14.0,True,2026-02-05 00:00:00
dfc940aa-e019-4244-9a79-2a5546e5f09e,376,200030,2026-01-10,Contract Terms,16.67,In Progress,Finance,2026-01-13,,,,,,2026-01-10 00:00:00
f8d22155-0964-4f95-8d64-0f36b433f8ff,159,204684,2026-02-26,Rate Dispute,12.21,Escalated,Billing Team,2026-03-02,,,,,,2026-02-26 00:00:00
6a27bbe7-ce18-4763-a6b6-5b9782a5d55a,2191,201631,2026-01-26,Incorrect Charge,53.96,In Progress,Billing Team,2026-01-30,,,,,,2026-01-26 00:00:00
725a1d04-2276-4d82-88f5-736be0b6231b,4423,200468,2026-01-09,Billing Error,8.92,In Progress,Disputes Team,2026-01-12,,,,,,2026-01-09 00:00:00
077f588b-08d9-43ca-a522-d481176dcdfd,1091,203305,2026-02-14,Billing Error,37.42,Escalated,Finance,2026-02-17,,,,,,2026-02-14 00:00:00
71785f09-c9fd-4d64-9323-5b7b384ee844,509,203296,2026-02-12,Billing Error,1815.05,Resolved,Customer Service,2026-02-16,2026-02-21,No Action Required,297.72,9.0,False,2026-02-12 00:00:00
59bedeb1-7e21-485b-aaa3-ada63ba3b97c,1253,203381,2026-02-09,Rate Dispute,60.12,Escalated,Customer Service,2026-02-10,,,,,,2026-02-09 00:00:00
2f759450-fd16-4fce-b2ef-bfcc0d032a73,753,202286,2026-02-01,Contract Terms,3199.25,In Progress,Finance,2026-02-04,,,,,,2026-02-01 00:00:00
ff5f5346-3bb1-4080-9d1b-1d7188413ad4,2038,203587,2026-02-18,Rate Dispute,33.66,Resolved,Disputes Team,2026-02-23,2026-03-09,Full Credit,21.72,19.0,True,2026-02-18 00:00:00
b32306d0-0fab-47d9-8e1d-5efaaf3d5d57,1001,204885,2026-03-01,Contract Terms,20.73,Resolved,Finance,2026-03-04,2026-03-30,Rate Adjustment,7.67,29.0,True,2026-03-01 00:00:00
a63073e4-3cd5-46a2-9e24-26d9dccccd3e,2979,201436,2026-01-22,Billing Error,16.43,Resolved,Billing Team,2026-01-27,2026-02-05,No Action Required,2.67,14.0,True,2026-01-22 00:00:00
3db45644-e1d8-44af-a02f-382d18d331ee,1021,202128,2026-01-27,Incorrect Charge,37.02,Resolved,Disputes Team,2026-01-28,2026-02-23,Partial Credit,16.49,27.0,True,2026-01-27 00:00:00
c7a91893-22e3-47bb-9717-f907a2d695b8,913,204791,2026-03-01,Usage Dispute,16.58,Resolved,Customer Service,2026-03-05,2026-03-06,Partial Credit,5.47,5.0,True,2026-03-01 00:00:00
23cee44e-0908-4dae-9dc6-6326466a55a8,75,205319,2026-03-09,Rate Dispute,8812.72,Resolved,Finance,2026-03-12,2026-03-31,Full Credit,3230.14,22.0,True,2026-03-09 00:00:00
126ee272-e7fb-4c9c-b130-e4bed53be495,4051,204824,2026-02-26,Usage Dispute,22.16,In Progress,Billing Team,2026-03-03,,,,,,2026-02-26 00:00:00
f8bd6d5d-f1e5-4458-8111-ba9d86897de5,3404,205271,2026-03-06,Service Not Received,5.45,In Progress,Finance,2026-03-08,,,,,,2026-03-06 00:00:00
a366839f-415e-4f41-a4e8-9bafa1a581b6,696,204652,2026-02-25,Contract Terms,9020.3,Resolved,Customer Service,2026-02-27,2026-03-25,Rate Adjustment,2436.82,28.0,True,2026-02-25 00:00:00
d394a338-bbed-4082-ac99-456cbdd18109,2297,204427,2026-02-23,Incorrect Charge,49.96,Resolved,Billing Team,2026-02-26,2026-03-03,Full Credit,19.82,8.0,True,2026-02-23 00:00:00
53857399-e178-457a-bdf3-d8a3fb6d0de4,818,203396,2026-02-16,Incorrect Charge,4.44,In Progress,Billing Team,2026-02-21,,,,,,2026-02-16 00:00:00
7e66ec14-0ce3-45c2-b28f-6edddc2625a4,392,203150,2026-02-08,Rate Dispute,6.81,In Progress,Billing Team,2026-02-11,,,,,,2026-02-08 00:00:00
8ec5bd2b-cf78-4546-9658-8cc2644fb1d0,3359,201687,2026-01-22,Service Not Received,16.9,Resolved,Disputes Team,2026-01-27,2026-01-29,Partial Credit,10.72,7.0,True,2026-01-22 00:00:00
ba9b87aa-5908-4121-b989-b95fb7732cd5,3012,205282,2026-03-07,Rate Dispute,13.9,In Progress,Customer Service,2026-03-08,,,,,,2026-03-07 00:00:00
05f4e7fd-6955-441e-8e55-519d5c754eff,40,201805,2026-01-27,Incorrect Charge,14.08,Resolved,Finance,2026-01-28,2026-02-16,Rate Adjustment,5.55,20.0,True,2026-01-27 00:00:00
66ff42c3-29e7-48b0-8bff-69c384c3be49,130,200234,2026-01-13,Incorrect Charge,7704.91,Resolved,Finance,2026-01-16,2026-02-07,Rate Adjustment,4864.46,25.0,False,2026-01-13 00:00:00
6b6044b8-4a18-413b-88d2-131735481e31,3166,200518,2026-01-11,Billing Error,42.67,Resolved,Billing Team,2026-01-12,2026-02-08,Rate Adjustment,25.63,28.0,True,2026-01-11 00:00:00
643da98f-ffaf-4f0d-ae45-b98adc9d1a04,500,204660,2026-02-26,Usage Dispute,381.82,Resolved,Finance,2026-02-28,2026-03-17,Goodwill Gesture,43.62,19.0,False,2026-02-26 00:00:00
df13d7a8-7405-4b2a-8387-6cc29cdc0ba5,1738,205032,2026-03-03,Usage Dispute,3.73,Resolved,Finance,2026-03-07,2026-03-16,Full Credit,0.15,13.0,True,2026-03-03 00:00:00
cf54f44a-c0c0-4bf8-9d92-0ed034efecc1,3896,202776,2026-02-05,Incorrect Charge,31.99,Resolved,Finance,2026-02-06,2026-02-14,Rate Adjustment,21.34,9.0,True,2026-02-05 00:00:00
6b22b096-1762-46bd-9aa4-0d917c07ccb0,2132,203533,2026-02-13,Incorrect Charge,67.3,Resolved,Billing Team,2026-02-14,2026-02-20,Full Credit,48.66,7.0,False,2026-02-13 00:00:00
f15d3efd-8825-42d6-8320-df6b7e3be01e,4521,200930,2026-01-15,Rate Dispute,38.69,In Progress,Finance,2026-01-18,,,,,,2026-01-15 00:00:00
32452529-ce72-4b0d-adbd-d08568b43df9,2109,203148,2026-02-12,Incorrect Charge,21.57,Resolved,Disputes Team,2026-02-16,2026-03-14,No Action Required,12.56,30.0,True,2026-02-12 00:00:00
1a0e3493-f059-4df6-8f28-32a286cf5c5d,3916,205402,2026-03-10,Billing Error,58.12,Resolved,Customer Service,2026-03-11,2026-03-27,No Action Required,27.47,17.0,True,2026-03-10 00:00:00
18e05969-5190-43da-85a2-a015a8471126,4944,201482,2026-01-27,Rate Dispute,13.68,In Progress,Disputes Team,2026-01-28,,,,,,2026-01-27 00:00:00
9a6d572c-a7bb-451b-8880-6ebd8cee8a81,707,202270,2026-01-30,Billing Error,4855.47,Resolved,Customer Service,2026-02-04,2026-02-25,Partial Credit,3345.37,26.0,True,2026-01-30 00:00:00
c03598d3-df50-4ec8-a90e-202d182a61aa,4475,205069,2026-03-03,Incorrect Charge,61.06,Resolved,Disputes Team,2026-03-06,2026-03-28,Partial Credit,42.2,25.0,True,2026-03-03 00:00:00
9a674519-e918-49b1-aa89-af6d2c2f7a94,1086,204845,2026-02-28,Billing Error,27.34,Resolved,Billing Team,2026-03-01,2026-03-19,Goodwill Gesture,18.07,19.0,True,2026-02-28 00:00:00
20bb1e42-64e5-41fb-9be6-89dadf797ab5,222,205351,2026-03-10,Rate Dispute,25.51,Resolved,Billing Team,2026-03-11,2026-03-13,Goodwill Gesture,2.06,3.0,True,2026-03-10 00:00:00
291db575-7ed9-44d1-bc53-f4fcb939bb18,2036,202938,2026-02-04,Rate Dispute,17.93,In Progress,Finance,2026-02-05,,,,,,2026-02-04 00:00:00
1607a6fe-e2bb-43a1-ab1d-dfa01d0269af,75,200126,2026-01-05,Contract Terms,29.32,Resolved,Customer Service,2026-01-08,2026-01-31,No Action Required,20.0,26.0,True,2026-01-05 00:00:00
b115e09c-8908-4574-83cc-cdf0fbf6b8cc,1405,201697,2026-01-26,Service Not Received,14.51,Resolved,Customer Service,2026-01-30,2026-02-02,No Action Required,0.99,7.0,False,2026-01-26 00:00:00
68d6ecac-7798-4e7f-b0ef-dfe806b62b9f,3034,204096,2026-02-24,Usage Dispute,10.09,Escalated,Finance,2026-03-01,,,,,,2026-02-24 00:00:00
c7bb9921-d835-4278-ac6c-9702c945ce95,536,203215,2026-02-13,Incorrect Charge,1755.99,Escalated,Customer Service,2026-02-16,,,,,,2026-02-13 00:00:00
3e577fd3-2097-4a33-8f36-3719070e8601,317,202806,2026-02-09,Service Not Received,2432.22,Escalated,Billing Team,2026-02-12,,,,,,2026-02-09 00:00:00
d3ef0e98-ef5d-4044-a88d-a574dd9868d1,513,204721,2026-02-27,Incorrect Charge,24.23,Resolved,Disputes Team,2026-02-28,2026-03-12,Full Credit,3.61,13.0,True,2026-02-27 00:00:00
d42f2335-3173-4cca-840c-eb5dac960979,2783,202566,2026-02-07,Billing Error,63.87,In Progress,Billing Team,2026-02-11,,,,,,2026-02-07 00:00:00
e4160342-ef71-4467-bceb-d732e40a64c8,3672,200404,2026-01-10,Service Not Received,73.66,Resolved,Billing Team,2026-01-15,2026-02-04,Full Credit,16.54,25.0,True,2026-01-10 00:00:00
8ae0ca17-ea88-47f9-971d-a14fc47440ac,247,204935,2026-02-26,Service Not Received,7206.57,In Progress,Finance,2026-02-28,,,,,,2026-02-26 00:00:00
56191721-15b4-413f-8f12-cd271829942b,168,203501,2026-02-17,Incorrect Charge,4217.92,Resolved,Customer Service,2026-02-22,2026-03-13,Goodwill Gesture,374.81,24.0,True,2026-02-17 00:00:00
be74de42-d798-4b28-8de9-266981f6d64e,862,203029,2026-02-11,Usage Dispute,19.63,Resolved,Finance,2026-02-14,2026-02-23,No Action Required,0.91,12.0,True,2026-02-11 00:00:00
91dbd169-630c-439a-859a-f15b2ac78098,1732,201880,2026-01-24,Service Not Received,37.95,In Progress,Billing Team,2026-01-26,,,,,,2026-01-24 00:00:00
1d70e331-d8b6-4e43-9f8b-1e77f29f1be2,4120,202731,2026-02-09,Rate Dispute,6.03,Resolved,Billing Team,2026-02-14,2026-02-16,Rate Adjustment,4.3,7.0,True,2026-02-09 00:00:00
b4eaa2fc-67d8-4503-9ab2-958002596600,462,202562,2026-02-05,Billing Error,1974.21,Resolved,Billing Team,2026-02-09,2026-03-07,Full Credit,1541.24,30.0,True,2026-02-05 00:00:00
425585bd-43f4-4409-a28d-a701791e9a57,2556,201311,2026-01-20,Service Not Received,9.11,Resolved,Finance,2026-01-21,2026-02-17,No Action Required,4.42,28.0,True,2026-01-20 00:00:00
0c278bb5-487d-46c3-bca3-d2f6fb0234ab,859,200145,2026-01-06,Incorrect Charge,33.39,Resolved,Disputes Team,2026-01-10,2026-02-01,Full Credit,18.37,26.0,True,2026-01-06 00:00:00
7770ab0f-7d2c-4862-9d2d-fe7bf3bf8368,4916,202248,2026-02-02,Usage Dispute,10.73,Escalated,Finance,2026-02-07,,,,,,2026-02-02 00:00:00
f26eeb49-bb0e-43e7-8c1d-2970aaf7672a,1222,203856,2026-02-17,Usage Dispute,15.49,In Progress,Finance,2026-02-22,,,,,,2026-02-17 00:00:00
acda74ab-cf36-4d57-9054-b3917ce12938,733,200636,2026-01-17,Rate Dispute,28.72,Resolved,Customer Service,2026-01-19,2026-01-22,No Action Required,7.44,5.0,False,2026-01-17 00:00:00
ceb1b61d-2d71-42a7-af6e-591294a915e4,487,202808,2026-02-10,Contract Terms,3415.22,Resolved,Disputes Team,2026-02-15,2026-02-27,Rate Adjustment,2402.02,17.0,True,2026-02-10 00:00:00
39515399-1a8b-4616-9469-c29777d2b4f3,2446,204836,2026-03-04,Incorrect Charge,53.61,In Progress,Finance,2026-03-06,,,,,,2026-03-04 00:00:00
bbae344b-c515-445a-b9ba-d0efc6c087a3,3657,203104,2026-02-08,Service Not Received,30.23,Resolved,Customer Service,2026-02-11,2026-02-20,Full Credit,11.88,12.0,True,2026-02-08 00:00:00
4853f037-2244-40ca-bd03-85ad6d50e583,532,202294,2026-02-03,Service Not Received,4754.99,In Progress,Disputes Team,2026-02-04,,,,,,2026-02-03 00:00:00
01df1249-56b7-490b-a671-89b4b4de4e58,1583,200025,2026-01-06,Billing Error,77.66,Resolved,Disputes Team,2026-01-11,2026-02-05,Full Credit,11.94,30.0,True,2026-01-06 00:00:00
b45b3599-47b5-43b3-a092-48fe1b92d087,992,203954,2026-02-20,Service Not Received,5606.42,Resolved,Finance,2026-02-25,2026-03-11,Full Credit,654.33,19.0,True,2026-02-20 00:00:00
1625b36f-b958-4c3a-bd22-a1baa5895ccf,2953,200101,2026-01-07,Billing Error,28.98,In Progress,Disputes Team,2026-01-10,,,,,,2026-01-07 00:00:00
7918eeaa-191e-425c-b0f9-31c88808baf4,485,201183,2026-01-23,Rate Dispute,9.2,In Progress,Billing Team,2026-01-27,,,,,,2026-01-23 00:00:00
56082d53-a2bd-42b5-936c-06be6da38116,405,200182,2026-01-12,Service Not Received,14.47,Resolved,Disputes Team,2026-01-13,2026-01-19,Rate Adjustment,8.64,7.0,True,2026-01-12 00:00:00
58d157b6-409f-462d-9d11-1767010cb952,1438,201100,2026-01-16,Incorrect Charge,40.77,Escalated,Finance,2026-01-18,,,,,,2026-01-16 00:00:00
f1e18a05-77c6-477d-8adb-ffc29d835152,44,202352,2026-02-02,Usage Dispute,1930.87,Resolved,Finance,2026-02-06,2026-02-14,Full Credit,1537.59,12.0,True,2026-02-02 00:00:00
66a7dec6-66b0-46f6-939f-0132a8da3c15,776,201008,2026-01-19,Billing Error,13008.92,Escalated,Disputes Team,2026-01-23,,,,,,2026-01-19 00:00:00
00623161-ec02-448a-90df-cb022971b50b,936,203963,2026-02-22,Billing Error,7837.35,Resolved,Disputes Team,2026-02-27,2026-03-09,Goodwill Gesture,3992.77,15.0,True,2026-02-22 00:00:00
115e9a56-368f-482a-b8e2-f6d68d1d30c2,533,200766,2026-01-15,Incorrect Charge,5216.68,Resolved,Disputes Team,2026-01-19,2026-02-14,Goodwill Gesture,1087.32,30.0,True,2026-01-15 00:00:00
08e4052b-50fb-4fff-b6f0-245e3daa52fb,950,200953,2026-01-15,Service Not Received,32.06,In Progress,Customer Service,2026-01-18,,,,,,2026-01-15 00:00:00
9f4c6271-e6ae-4097-b232-1567cc57c65a,1422,201477,2026-01-24,Rate Dispute,19.65,Resolved,Disputes Team,2026-01-25,2026-01-31,No Action Required,5.78,7.0,True,2026-01-24 00:00:00
7cb0964e-bb23-4159-bc1e-813ebc8b807c,3871,202417,2026-01-30,Contract Terms,12.61,Escalated,Billing Team,2026-02-02,,,,,,2026-01-30 00:00:00
5affedfc-9f24-405f-b3ee-62a961f87daa,168,201002,2026-01-22,Rate Dispute,7612.5,Resolved,Customer Service,2026-01-23,2026-02-04,Rate Adjustment,2091.06,13.0,True,2026-01-22 00:00:00
c78977ba-ca5a-4027-8bf7-ca40d4ee1308,380,200557,2026-01-11,Usage Dispute,42.88,Resolved,Disputes Team,2026-01-16,2026-02-08,Partial Credit,14.93,28.0,True,2026-01-11 00:00:00
85169336-f934-4114-b00a-b33abb22dc3c,3015,201398,2026-01-22,Incorrect Charge,34.37,Resolved,Disputes Team,2026-01-25,2026-02-19,Full Credit,17.79,28.0,False,2026-01-22 00:00:00
08bd44b4-1a3f-42ab-b845-a4168295caa8,167,204142,2026-02-22,Service Not Received,9913.38,Resolved,Finance,2026-02-26,2026-03-01,Partial Credit,6083.72,7.0,True,2026-02-22 00:00:00
8e07b5d5-ec52-48fe-a8f0-060cbf7c2c57,3628,201542,2026-01-28,Incorrect Charge,31.96,In Progress,Disputes Team,2026-01-31,,,,,,2026-01-28 00:00:00
e973c8ee-55e3-4a37-9e2e-c3a43fac3c82,777,201052,2026-01-15,Service Not Received,6369.45,Resolved,Disputes Team,2026-01-20,2026-01-20,Partial Credit,1057.66,5.0,True,2026-01-15 00:00:00
48918897-9a0f-4dd3-98c3-8696bd5f203a,1555,204057,2026-02-24,Contract Terms,27.61,In Progress,Finance,2026-02-27,,,,,,2026-02-24 00:00:00
e909ee46-a102-4bd4-8ad1-116c91bb4350,245,203820,2026-02-21,Rate Dispute,3178.95,In Progress,Disputes Team,2026-02-22,,,,,,2026-02-21 00:00:00
11a9b8c3-dc99-4c38-ba44-00b4e14ea4d2,398,203512,2026-02-15,Service Not Received,6947.65,Resolved,Customer Service,2026-02-18,2026-03-13,Full Credit,946.87,26.0,False,2026-02-15 00:00:00
9504563f-8a5b-4672-80d0-065991f67e85,200,204623,2026-02-23,Billing Error,9532.21,Resolved,Billing Team,2026-02-25,2026-03-19,Goodwill Gesture,4515.29,24.0,True,2026-02-23 00:00:00
deced4e4-c68d-4c5d-8a89-c9aac206b618,1831,204796,2026-03-01,Contract Terms,43.11,Resolved,Customer Service,2026-03-02,2026-03-19,Partial Credit,3.01,18.0,True,2026-03-01 00:00:00
1b470569-f6f8-4a32-ae8e-2893e0c41f05,154,205061,2026-03-01,Usage Dispute,8382.02,Resolved,Finance,2026-03-03,2026-03-17,Goodwill Gesture,4500.71,16.0,True,2026-03-01 00:00:00
0672a4f2-73e9-473c-8788-458de5cf09b2,1129,200609,2026-01-14,Incorrect Charge,7.24,Resolved,Customer Service,2026-01-15,2026-01-30,Rate Adjustment,4.68,16.0,True,2026-01-14 00:00:00
87ea188d-197a-4a45-8833-57a23257cdab,849,205214,2026-03-08,Incorrect Charge,18.64,Escalated,Disputes Team,2026-03-12,,,,,,2026-03-08 00:00:00
7c1c30cc-6b5a-484b-8be4-9cffedbaae93,942,205142,2026-03-06,Billing Error,2908.52,In Progress,Customer Service,2026-03-07,,,,,,2026-03-06 00:00:00
fc3c60f8-b9c7-411c-b86e-d3cdb6bde973,681,202628,2026-02-03,Rate Dispute,4250.6,Resolved,Customer Service,2026-02-07,2026-02-27,Rate Adjustment,779.6,24.0,True,2026-02-03 00:00:00
ce69b8d4-2a90-4e6b-afe7-301344140060,471,201178,2026-01-22,Rate Dispute,20.76,Resolved,Customer Service,2026-01-26,2026-02-02,Goodwill Gesture,6.29,11.0,True,2026-01-22 00:00:00
231fd77f-ccea-4936-9b7f-0760b5cbdf99,4238,202241,2026-01-31,Contract Terms,17.98,Resolved,Disputes Team,2026-02-04,2026-02-05,Goodwill Gesture,9.09,5.0,True,2026-01-31 00:00:00
0afa1396-8f2d-46fc-90f0-0161b35cdf48,2270,202779,2026-02-04,Usage Dispute,7.09,Resolved,Disputes Team,2026-02-08,2026-02-26,Partial Credit,3.22,22.0,True,2026-02-04 00:00:00
429ef441-48eb-446a-ac57-7fdbfb847e0a,794,200660,2026-01-17,Incorrect Charge,1981.24,Resolved,Customer Service,2026-01-21,2026-01-25,No Action Required,1300.07,8.0,True,2026-01-17 00:00:00
7696eb57-7491-4afc-9d2d-4c2fc69ca39f,3364,203360,2026-02-11,Rate Dispute,16.22,Resolved,Finance,2026-02-12,2026-02-25,Goodwill Gesture,1.44,14.0,True,2026-02-11 00:00:00
ba4bd2ed-730f-4256-b8f1-26bdb14305c4,3214,203004,2026-02-07,Incorrect Charge,26.68,Resolved,Disputes Team,2026-02-08,2026-03-05,Rate Adjustment,3.24,26.0,True,2026-02-07 00:00:00
c1746394-d235-4e31-868d-752967385a1d,1986,202168,2026-01-31,Rate Dispute,18.02,Resolved,Billing Team,2026-02-02,2026-03-02,Rate Adjustment,14.01,30.0,True,2026-01-31 00:00:00
798b3d01-4ccc-4890-acb2-5249508a2efb,1113,201450,2026-01-21,Usage Dispute,12.76,Resolved,Finance,2026-01-22,2026-02-09,Goodwill Gesture,3.8,19.0,True,2026-01-21 00:00:00
1363aec8-7d91-40b6-b6da-1ed8769f1351,1224,202117,2026-02-01,Contract Terms,20.78,Resolved,Billing Team,2026-02-06,2026-02-12,Partial Credit,7.43,11.0,True,2026-02-01 00:00:00
b6344ff1-2f74-4bd4-b583-6da7f7a9cc0d,4359,201676,2026-01-24,Contract Terms,28.8,Resolved,Customer Service,2026-01-25,2026-02-05,Goodwill Gesture,21.68,12.0,False,2026-01-24 00:00:00
e2e47173-e023-4d16-99fe-1dbbf567fbaa,4474,201923,2026-01-26,Contract Terms,23.94,Resolved,Billing Team,2026-01-30,2026-02-12,Full Credit,8.71,17.0,False,2026-01-26 00:00:00
3249a92e-77d7-44cf-b9b9-d0c818e90754,121,200708,2026-01-18,Rate Dispute,3186.86,Resolved,Customer Service,2026-01-22,2026-01-31,No Action Required,2191.96,13.0,True,2026-01-18 00:00:00
b9b245d8-8ad1-4b41-8673-2a1792c7ca0e,3863,205356,2026-03-09,Incorrect Charge,6.21,Resolved,Disputes Team,2026-03-11,2026-03-13,No Action Required,0.54,4.0,True,2026-03-09 00:00:00
3972625f-7e41-4682-95a7-fdb2326e932a,1091,200813,2026-01-19,Billing Error,18.87,Resolved,Customer Service,2026-01-21,2026-01-30,No Action Required,11.53,11.0,False,2026-01-19 00:00:00
3b4c00dd-e3ae-49b6-82d0-fb20bb547cb4,337,202335,2026-02-03,Contract Terms,5492.15,Resolved,Customer Service,2026-02-08,2026-02-09,Partial Credit,2880.58,6.0,False,2026-02-03 00:00:00
af551749-54be-41a2-bed9-5e633ea22ec7,2987,202394,2026-02-05,Rate Dispute,4.96,Resolved,Billing Team,2026-02-08,2026-02-26,No Action Required,1.2,21.0,True,2026-02-05 00:00:00
50982a8b-c650-4a8e-a643-b7443b15936a,829,204693,2026-02-26,Billing Error,66.82,In Progress,Finance,2026-02-27,,,,,,2026-02-26 00:00:00
3a027dca-6ca9-4421-9eaa-72632827b911,4716,205232,2026-03-05,Service Not Received,15.7,Resolved,Customer Service,2026-03-08,2026-03-11,Partial Credit,2.66,6.0,True,2026-03-05 00:00:00
3b10d391-cbd2-4682-95d9-0b16cb06398e,662,203711,2026-02-19,Incorrect Charge,2243.29,Resolved,Customer Service,2026-02-22,2026-03-20,Full Credit,907.19,29.0,True,2026-02-19 00:00:00
913afe33-26f3-429e-a1a9-ba0d86e62feb,660,202686,2026-02-07,Service Not Received,6011.61,Resolved,Finance,2026-02-09,2026-02-28,Rate Adjustment,1422.44,21.0,False,2026-02-07 00:00:00
0f88190f-5661-42ea-843e-d086041a59cf,610,204651,2026-02-24,Usage Dispute,6989.9,In Progress,Billing Team,2026-03-01,,,,,,2026-02-24 00:00:00
4ee1fac0-8310-452f-bc25-54dd70befecb,2635,200138,2026-01-09,Billing Error,27.54,Resolved,Customer Service,2026-01-13,2026-01-15,Partial Credit,6.92,6.0,True,2026-01-09 00:00:00
3f3e65fb-cf12-48f1-9c67-28dcf3d6421e,4013,201449,2026-01-27,Usage Dispute,4.98,In Progress,Customer Service,2026-01-30,,,,,,2026-01-27 00:00:00
14b76c58-91ef-453c-8e5e-3c0785bede57,1350,201351,2026-01-24,Contract Terms,20.56,Resolved,Finance,2026-01-29,2026-02-05,Rate Adjustment,13.34,12.0,True,2026-01-24 00:00:00
059837f5-ad15-4e90-87b6-0c4d31b53088,3241,202872,2026-02-08,Usage Dispute,28.43,Resolved,Disputes Team,2026-02-11,2026-02-11,Goodwill Gesture,21.72,3.0,True,2026-02-08 00:00:00
2cd8e509-38b6-4ed7-856a-8a9aa91ff848,1449,205007,2026-03-03,Rate Dispute,36.56,Resolved,Billing Team,2026-03-07,2026-03-19,Goodwill Gesture,14.02,16.0,True,2026-03-03 00:00:00
8b049731-daee-41af-b84f-9fc848bc4daa,61,204625,2026-02-27,Contract Terms,558.25,In Progress,Billing Team,2026-03-01,,,,,,2026-02-27 00:00:00
b862d4d5-31e3-4940-b8cc-f4ee5e3d119d,1755,202081,2026-02-02,Incorrect Charge,11.01,Resolved,Disputes Team,2026-02-06,2026-02-26,Full Credit,1.39,24.0,True,2026-02-02 00:00:00
e68b5cf0-9d71-4cbe-ac36-d41ea3094890,4069,200835,2026-01-19,Billing Error,7.56,Resolved,Customer Service,2026-01-21,2026-02-11,Goodwill Gesture,4.72,23.0,True,2026-01-19 00:00:00
771b006a-315d-4eb1-ad12-1d44dd04f1aa,1241,204641,2026-02-25,Incorrect Charge,12.05,Resolved,Disputes Team,2026-03-01,2026-03-22,Rate Adjustment,4.9,25.0,True,2026-02-25 00:00:00
a10cca3a-2bc2-4fca-be2e-0fde9e77ae34,834,204378,2026-02-24,Incorrect Charge,40.03,Escalated,Billing Team,2026-02-25,,,,,,2026-02-24 00:00:00
b1273886-1a34-498b-a053-3413340bfef7,1397,202278,2026-02-05,Contract Terms,55.1,Resolved,Customer Service,2026-02-06,2026-02-20,Full Credit,10.75,15.0,True,2026-02-05 00:00:00
1c3f18a8-da67-4449-9457-b83f535ed2a7,3331,205228,2026-03-04,Rate Dispute,38.82,Resolved,Disputes Team,2026-03-05,2026-03-15,Partial Credit,23.06,11.0,True,2026-03-04 00:00:00
adce0d47-df6f-4efc-aa47-763d42d9aa60,1810,201498,2026-01-20,Billing Error,39.87,Resolved,Billing Team,2026-01-23,2026-02-12,Goodwill Gesture,30.01,23.0,True,2026-01-20 00:00:00
6dc7f38e-13a0-490c-bf2e-da19b5207bcb,4717,201881,2026-01-25,Billing Error,23.17,Resolved,Finance,2026-01-27,2026-02-01,No Action Required,1.64,7.0,True,2026-01-25 00:00:00
ba38b22f-2a18-4511-bac9-c5b7a60ba0c5,2876,203304,2026-02-15,Usage Dispute,15.64,Resolved,Finance,2026-02-16,2026-03-12,Partial Credit,6.15,25.0,True,2026-02-15 00:00:00
27010bb9-dab3-4a7f-aec1-9b27ff6c91d3,73,201325,2026-01-24,Incorrect Charge,2931.35,Resolved,Disputes Team,2026-01-25,2026-02-14,Full Credit,388.37,21.0,True,2026-01-24 00:00:00
4a572259-d926-4bb7-b0ca-a0118fb16b11,872,202396,2026-01-31,Billing Error,8440.25,Resolved,Customer Service,2026-02-04,2026-02-13,Goodwill Gesture,2280.0,13.0,True,2026-01-31 00:00:00
e6c50f89-1e17-497f-959e-64b6055f6d35,1562,201245,2026-01-18,Billing Error,24.9,Resolved,Billing Team,2026-01-23,2026-02-15,Goodwill Gesture,19.45,28.0,True,2026-01-18 00:00:00
aacbdf4e-1640-4770-8275-e65047d54dd7,18,205343,2026-03-03,Rate Dispute,10345.69,In Progress,Finance,2026-03-06,,,,,,2026-03-03 00:00:00
aa5aac40-546d-4aa6-b33b-0be4f43a7dca,1129,203775,2026-02-16,Rate Dispute,22.99,Resolved,Customer Service,2026-02-17,2026-03-14,No Action Required,17.84,26.0,False,2026-02-16 00:00:00
4a6601bd-d8cd-473f-970a-ee76dc938887,101,201232,2026-01-21,Contract Terms,30.8,Resolved,Disputes Team,2026-01-23,2026-02-14,Full Credit,14.6,24.0,True,2026-01-21 00:00:00
05025ec1-af3c-4636-afd2-167ff46fbcae,4855,203518,2026-02-18,Rate Dispute,21.78,Resolved,Finance,2026-02-19,2026-03-13,Goodwill Gesture,10.61,23.0,True,2026-02-18 00:00:00
c55d163d-8012-4b3b-aa5a-158830a0baf0,2679,201185,2026-01-23,Billing Error,14.45,Resolved,Customer Service,2026-01-24,2026-02-16,Full Credit,9.28,24.0,True,2026-01-23 00:00:00
91f60098-8369-4823-93c0-83f68956f260,672,204081,2026-02-23,Contract Terms,7712.46,Resolved,Disputes Team,2026-02-28,2026-02-26,Full Credit,3760.29,3.0,True,2026-02-23 00:00:00
be43c512-5382-48b1-a1cc-3cea9948966e,3222,200565,2026-01-09,Usage Dispute,56.65,Resolved,Billing Team,2026-01-13,2026-01-30,Goodwill Gesture,13.01,21.0,True,2026-01-09 00:00:00
404b079b-8346-4b8c-809f-c97c10f69d26,3038,202104,2026-01-27,Usage Dispute,64.05,Resolved,Disputes Team,2026-01-28,2026-02-08,Rate Adjustment,4.66,12.0,True,2026-01-27 00:00:00
ba70cbdf-c5c9-484a-a73f-af25778866b5,519,202346,2026-01-29,Rate Dispute,5228.81,Resolved,Disputes Team,2026-01-31,2026-02-03,Partial Credit,3244.15,5.0,True,2026-01-29 00:00:00
5a0248fc-b63f-4b35-9465-696184baf264,3825,200761,2026-01-14,Incorrect Charge,31.66,Resolved,Customer Service,2026-01-15,2026-01-30,Full Credit,8.97,16.0,True,2026-01-14 00:00:00
ca23fde0-49ee-4125-946b-b17b0b3eb109,1784,201156,2026-01-21,Usage Dispute,22.15,Resolved,Finance,2026-01-25,2026-02-08,Full Credit,3.34,18.0,False,2026-01-21 00:00:00
81733eab-0ff9-4018-a8bb-856254450fdb,1900,201686,2026-01-27,Incorrect Charge,56.52,In Progress,Customer Service,2026-01-31,,,,,,2026-01-27 00:00:00
df5d6035-546b-466b-bf38-bdb74ebc950c,923,203684,2026-02-18,Incorrect Charge,6.56,Resolved,Disputes Team,2026-02-19,2026-03-19,Rate Adjustment,3.95,29.0,True,2026-02-18 00:00:00
e765086a-6cfe-4bb8-9d93-fd1cac2e3413,1306,204167,2026-02-21,Contract Terms,12.28,Resolved,Customer Service,2026-02-23,2026-03-11,No Action Required,8.14,18.0,True,2026-02-21 00:00:00
c407aa5e-558f-4031-99c7-eb18b9cd2d50,3618,200035,2026-01-09,Rate Dispute,50.54,Resolved,Finance,2026-01-11,2026-01-12,Full Credit,0.39,3.0,False,2026-01-09 00:00:00
7cac3def-5621-43e3-87b5-b9b71a2e4c51,1629,204381,2026-02-27,Incorrect Charge,40.49,In Progress,Customer Service,2026-03-01,,,,,,2026-02-27 00:00:00
8e3f9df5-cdbb-4e43-9359-ed4f95774730,744,202501,2026-02-04,Rate Dispute,7354.33,Resolved,Billing Team,2026-02-07,2026-02-09,Partial Credit,2789.42,5.0,True,2026-02-04 00:00:00
c77c57b4-6560-47c4-b898-c260a5f4df26,3105,201056,2026-01-19,Service Not Received,8.26,Resolved,Billing Team,2026-01-20,2026-02-09,No Action Required,5.7,21.0,True,2026-01-19 00:00:00
08a198d4-17c7-41c9-8ba9-1fbeade4fb93,2495,203015,2026-02-11,Usage Dispute,41.52,Resolved,Customer Service,2026-02-15,2026-02-26,Goodwill Gesture,9.39,15.0,True,2026-02-11 00:00:00
c18aaa1e-05de-4f56-9a99-9c42966f22fc,3248,204924,2026-02-28,Incorrect Charge,44.02,In Progress,Disputes Team,2026-03-02,,,,,,2026-02-28 00:00:00
cc1104bf-0b76-43e0-9049-d6fc4d6ff082,2724,201064,2026-01-15,Service Not Received,57.6,Resolved,Customer Service,2026-01-19,2026-02-08,Full Credit,8.09,24.0,True,2026-01-15 00:00:00
579db499-0ae6-438b-88fc-a24bd8940f0b,2843,204921,2026-02-26,Billing Error,27.68,Resolved,Finance,2026-02-28,2026-03-03,Full Credit,22.07,5.0,True,2026-02-26 00:00:00
eb0b710b-10f0-4b8e-9aed-a1046097c50f,4343,201920,2026-01-26,Contract Terms,13.66,Resolved,Disputes Team,2026-01-28,2026-02-02,Full Credit,6.18,7.0,False,2026-01-26 00:00:00
e8e5ee26-92b3-4a26-bede-86453810cfc7,490,202514,2026-02-04,Incorrect Charge,4015.69,Resolved,Disputes Team,2026-02-09,2026-02-18,Goodwill Gesture,2242.5,14.0,True,2026-02-04 00:00:00
8b5bad2b-42b5-47ed-8574-d7521add61ca,2018,204479,2026-02-22,Usage Dispute,31.72,Resolved,Finance,2026-02-27,2026-03-04,No Action Required,8.6,10.0,True,2026-02-22 00:00:00
47f55961-74fd-4f51-8aeb-00ae5f5e472f,992,203416,2026-02-10,Rate Dispute,977.38,Resolved,Disputes Team,2026-02-15,2026-03-12,Full Credit,275.72,30.0,True,2026-02-10 00:00:00
a202f486-6ffb-42f6-a613-b8190ed909ee,637,203068,2026-02-06,Contract Terms,3435.14,Escalated,Billing Team,2026-02-07,,,,,,2026-02-06 00:00:00
7b6bc36b-c8e5-417d-805f-a74901020c1c,1581,201597,2026-01-24,Incorrect Charge,12.0,Resolved,Disputes Team,2026-01-25,2026-02-22,No Action Required,7.01,29.0,True,2026-01-24 00:00:00
b4ce7208-fc1c-44ab-8d35-ad89ee827d93,4645,202560,2026-02-06,Billing Error,28.8,Resolved,Billing Team,2026-02-10,2026-02-12,Partial Credit,21.28,6.0,True,2026-02-06 00:00:00
cd33fd1f-310e-4a85-8bbc-5465e3ce5777,1993,200643,2026-01-14,Billing Error,10.64,Resolved,Disputes Team,2026-01-19,2026-02-07,No Action Required,7.04,24.0,True,2026-01-14 00:00:00
6828f6e1-52c6-4c56-998c-6b49fc1901c8,4090,200024,2026-01-04,Billing Error,11.09,Resolved,Billing Team,2026-01-09,2026-01-18,Goodwill Gesture,2.64,14.0,True,2026-01-04 00:00:00
c942c736-fbe1-4757-a37a-424013e1ca8d,3864,202559,2026-02-04,Billing Error,11.16,In Progress,Customer Service,2026-02-06,,,,,,2026-02-04 00:00:00
9126334b-dcdb-440d-a245-db94b6b75cf1,298,203665,2026-02-13,Contract Terms,3564.03,Resolved,Customer Service,2026-02-18,2026-03-04,No Action Required,1107.97,19.0,True,2026-02-13 00:00:00
7d4788cf-7e08-48ce-ae48-91fea64c3b13,776,203595,2026-02-14,Rate Dispute,4902.67,Resolved,Customer Service,2026-02-17,2026-03-11,Goodwill Gesture,3217.39,25.0,True,2026-02-14 00:00:00
32ca4a01-067f-4cc3-a32e-c2d15aef5374,4528,201083,2026-01-21,Usage Dispute,45.06,Resolved,Customer Service,2026-01-24,2026-02-14,No Action Required,29.14,24.0,True,2026-01-21 00:00:00
4edaae4f-9ed4-4ee9-a35c-7fc1d3561c76,144,201571,2026-01-25,Rate Dispute,59.8,In Progress,Billing Team,2026-01-28,,,,,,2026-01-25 00:00:00
7ee3051f-d69b-4ad6-b730-a44e612d4912,3648,203562,2026-02-11,Billing Error,27.6,Resolved,Finance,2026-02-14,2026-02-21,Rate Adjustment,13.51,10.0,True,2026-02-11 00:00:00
f8ec855b-0d6a-4e04-8ff3-3eb19a93943e,878,200563,2026-01-14,Contract Terms,8809.78,Escalated,Billing Team,2026-01-19,,,,,,2026-01-14 00:00:00
d0617d28-44c2-4b0b-9752-cb19b268a19e,1229,201869,2026-01-25,Billing Error,8.59,Resolved,Customer Service,2026-01-28,2026-02-04,Rate Adjustment,4.51,10.0,True,2026-01-25 00:00:00
99ee528a-4f2d-4fca-a35a-2f7576e72fb7,520,200958,2026-01-18,Rate Dispute,2.33,In Progress,Disputes Team,2026-01-23,,,,,,2026-01-18 00:00:00
8bfdfa4f-1d61-4b93-bf16-86d7b4a23b83,3826,202107,2026-01-27,Usage Dispute,52.02,Resolved,Finance,2026-02-01,2026-01-30,Goodwill Gesture,0.74,3.0,True,2026-01-27 00:00:00
387a177f-87e7-44f7-9eac-89c99865bbf8,259,204259,2026-02-22,Billing Error,9.62,Resolved,Customer Service,2026-02-26,2026-03-24,Goodwill Gesture,4.23,30.0,False,2026-02-22 00:00:00
7b337861-9a65-4a3d-8023-9ae1e4658736,962,202089,2026-01-26,Incorrect Charge,12.45,In Progress,Disputes Team,2026-01-31,,,,,,2026-01-26 00:00:00
af8577c6-5102-48d1-8cb9-fed88b5f03f9,547,202392,2026-01-31,Rate Dispute,5503.46,Resolved,Customer Service,2026-02-05,2026-02-06,Full Credit,1725.3,6.0,True,2026-01-31 00:00:00
92d06bb7-babe-4b94-ab09-d7ea932ada92,2675,203499,2026-02-18,Rate Dispute,74.72,In Progress,Billing Team,2026-02-21,,,,,,2026-02-18 00:00:00
58f19d7a-8c2a-40bb-8493-1ba9b5b72a08,2689,203373,2026-02-10,Rate Dispute,49.96,Escalated,Disputes Team,2026-02-11,,,,,,2026-02-10 00:00:00
0a3dba06-1525-455b-84ed-2c8c82d71073,4976,202381,2026-02-01,Usage Dispute,4.66,Resolved,Customer Service,2026-02-05,2026-02-04,Partial Credit,0.04,3.0,True,2026-02-01 00:00:00
cd6589c9-5242-4fb3-afae-408c4198e244,1768,200909,2026-01-16,Rate Dispute,12.93,Resolved,Customer Service,2026-01-17,2026-02-14,No Action Required,9.82,29.0,False,2026-01-16 00:00:00
4f7e9e6b-5287-46e2-97ef-193b79cecb5b,2338,200979,2026-01-18,Service Not Received,27.05,Resolved,Finance,2026-01-22,2026-02-01,Partial Credit,11.23,14.0,True,2026-01-18 00:00:00
8f2ef3cf-e27f-44cf-9406-ec671f4b3ed6,338,203792,2026-02-20,Incorrect Charge,3167.22,Resolved,Billing Team,2026-02-23,2026-03-02,Goodwill Gesture,929.0,10.0,True,2026-02-20 00:00:00
8b602809-432d-4dd3-80d2-9a246f141dd2,3285,201535,2026-01-23,Usage Dispute,39.01,Resolved,Disputes Team,2026-01-27,2026-02-06,No Action Required,18.56,14.0,True,2026-01-23 00:00:00
44df1371-ea29-4027-b416-5db520846fae,51,204738,2026-03-02,Billing Error,1297.05,Resolved,Customer Service,2026-03-04,2026-03-31,Goodwill Gesture,795.18,29.0,True,2026-03-02 00:00:00
332fee28-01b9-4ad8-91d9-ce569fe00bb6,111,201771,2026-01-27,Usage Dispute,3846.59,Resolved,Disputes Team,2026-01-28,2026-02-03,Partial Credit,1724.16,7.0,True,2026-01-27 00:00:00
e07b4c65-096e-4108-a402-2342937e135c,258,204864,2026-02-25,Rate Dispute,10400.62,Resolved,Billing Team,2026-03-01,2026-03-13,Rate Adjustment,6516.32,16.0,False,2026-02-25 00:00:00
e428066b-9ab1-416b-8d4c-3c339b8bd184,734,204843,2026-02-28,Usage Dispute,2620.59,Resolved,Billing Team,2026-03-04,2026-03-07,Full Credit,1898.85,7.0,True,2026-02-28 00:00:00
8eb76262-b16b-4167-a5f9-ae72d01d9ac5,3133,201996,2026-01-29,Contract Terms,50.66,Escalated,Billing Team,2026-01-31,,,,,,2026-01-29 00:00:00
63f35f7a-be7e-4f14-9fac-fe91b00980f7,1057,204543,2026-02-26,Contract Terms,13.93,In Progress,Finance,2026-03-03,,,,,,2026-02-26 00:00:00
50b797b8-7249-4316-b1eb-fe0f4aebee0b,729,201639,2026-01-26,Service Not Received,11.38,In Progress,Customer Service,2026-01-27,,,,,,2026-01-26 00:00:00
25db5d39-245c-4097-a3e0-6f1cdab80ebe,3641,203802,2026-02-20,Billing Error,56.57,Resolved,Billing Team,2026-02-24,2026-03-10,Partial Credit,40.9,18.0,True,2026-02-20 00:00:00
fc3f1daf-6e62-4c95-a9df-d5e61dae6c3d,4578,204101,2026-02-22,Billing Error,49.28,Resolved,Disputes Team,2026-02-23,2026-03-20,Goodwill Gesture,17.07,26.0,True,2026-02-22 00:00:00
93cfeb6a-02ab-449b-8620-fb87cccdc929,1032,204245,2026-02-20,Contract Terms,55.16,Resolved,Finance,2026-02-23,2026-03-10,No Action Required,6.23,18.0,True,2026-02-20 00:00:00
d1c618f6-b2ae-487e-bdb0-ea8d626ce34e,4532,201525,2026-01-20,Usage Dispute,8.66,Escalated,Disputes Team,2026-01-21,,,,,,2026-01-20 00:00:00
e162f7f5-6d57-4735-9c26-1067d248871c,602,200124,2026-01-08,Service Not Received,22.81,Escalated,Disputes Team,2026-01-09,,,,,,2026-01-08 00:00:00
cfbe8de4-1c6f-4dbf-8b7a-6c7131f6c385,4506,203718,2026-02-18,Contract Terms,10.82,Resolved,Finance,2026-02-22,2026-03-17,Goodwill Gesture,6.57,27.0,True,2026-02-18 00:00:00
68e8e08d-961d-4aa6-a826-ddc2ba2c9bd3,2097,203418,2026-02-12,Usage Dispute,4.47,In Progress,Disputes Team,2026-02-14,,,,,,2026-02-12 00:00:00
50efabc0-e062-4d6d-a2b1-0349eb656d96,685,200462,2026-01-12,Service Not Received,5006.83,Resolved,Customer Service,2026-01-17,2026-02-08,Goodwill Gesture,2187.13,27.0,True,2026-01-12 00:00:00
a46b9ece-5320-4fa1-ac6e-98824346bcb0,4195,205100,2026-03-02,Incorrect Charge,55.68,In Progress,Billing Team,2026-03-04,,,,,,2026-03-02 00:00:00
1ec5158c-b8c8-4172-8e3e-ac3ae878642a,571,204400,2026-02-28,Billing Error,3442.1,In Progress,Billing Team,2026-03-03,,,,,,2026-02-28 00:00:00
1f1ee4b8-b242-48f7-a754-7fc0e73ab24f,1269,203958,2026-02-22,Service Not Received,22.16,In Progress,Customer Service,2026-02-26,,,,,,2026-02-22 00:00:00
e5e0f3a0-0bf5-4787-94a6-7f907f6bdd82,734,203271,2026-02-11,Usage Dispute,7920.07,Resolved,Disputes Team,2026-02-13,2026-03-12,Goodwill Gesture,3646.1,29.0,True,2026-02-11 00:00:00
22bcc6a8-8fd2-4b56-9226-4d8ce8bfc78a,3308,201569,2026-01-25,Rate Dispute,6.22,Resolved,Customer Service,2026-01-27,2026-02-23,Full Credit,2.36,29.0,True,2026-01-25 00:00:00
c7ce3b7a-3dce-41a1-8b2b-ce8311e8dd35,381,202556,2026-02-01,Service Not Received,2664.35,Resolved,Billing Team,2026-02-06,2026-02-22,No Action Required,1104.71,21.0,True,2026-02-01 00:00:00
2f9b4315-c5b8-45b5-b1af-d68daded50cc,3487,200943,2026-01-15,Service Not Received,8.82,Resolved,Billing Team,2026-01-16,2026-01-23,Full Credit,2.41,8.0,True,2026-01-15 00:00:00
3a821a68-deb6-45cf-b1f0-d6fbbb560078,178,200531,2026-01-09,Service Not Received,10423.76,Resolved,Disputes Team,2026-01-14,2026-01-26,Rate Adjustment,583.85,17.0,True,2026-01-09 00:00:00
c1469142-bbf3-44b6-b2ac-f8ecbb2c60b1,4952,201493,2026-01-26,Contract Terms,6.21,Resolved,Customer Service,2026-01-29,2026-01-30,Full Credit,1.69,4.0,True,2026-01-26 00:00:00
9c8a59cb-d61a-4877-a9fd-842176793412,599,202826,2026-02-04,Service Not Received,16.43,In Progress,Billing Team,2026-02-06,,,,,,2026-02-04 00:00:00
efcaaf36-5a79-49fe-8ba1-efb16868d208,1445,204902,2026-02-27,Contract Terms,9.92,Resolved,Customer Service,2026-03-03,2026-03-20,Rate Adjustment,4.94,21.0,True,2026-02-27 00:00:00
3231b4ee-d60f-4563-8c2f-64df49c296dd,331,204544,2026-02-25,Service Not Received,25.01,In Progress,Customer Service,2026-03-02,,,,,,2026-02-25 00:00:00
c00f761d-7795-4ad3-924e-8b859c22e2ed,635,204858,2026-02-27,Rate Dispute,12822.76,Resolved,Billing Team,2026-03-04,2026-03-13,Rate Adjustment,6008.88,14.0,True,2026-02-27 00:00:00
406607d1-4a69-4ba9-8b71-820a9db3d204,4,202974,2026-02-12,Contract Terms,698.75,Resolved,Billing Team,2026-02-13,2026-02-15,Rate Adjustment,433.76,3.0,False,2026-02-12 00:00:00
8ee8b691-c87e-4464-b11b-30b16ef54dcd,1719,203052,2026-02-11,Usage Dispute,25.14,Resolved,Disputes Team,2026-02-15,2026-03-02,Full Credit,18.25,19.0,True,2026-02-11 00:00:00
f03414f4-3a2c-4d03-b260-7deae3bf8889,2310,201070,2026-01-22,Billing Error,28.87,Resolved,Customer Service,2026-01-24,2026-01-30,Full Credit,16.14,8.0,True,2026-01-22 00:00:00
ab87600b-cb04-4a11-912a-d009c85f7d2d,3770,205158,2026-03-07,Usage Dispute,8.01,Resolved,Customer Service,2026-03-12,2026-03-24,Rate Adjustment,0.28,17.0,False,2026-03-07 00:00:00
c65f6132-91ba-45a4-93d9-916513758de3,881,202790,2026-02-10,Billing Error,2516.22,Escalated,Finance,2026-02-11,,,,,,2026-02-10 00:00:00
f83849c5-343b-4749-a745-748347ac3365,190,203326,2026-02-09,Rate Dispute,8654.64,Resolved,Customer Service,2026-02-11,2026-03-06,Full Credit,1895.43,25.0,False,2026-02-09 00:00:00
363f6c6c-c610-4fd6-812d-9cd648288b7b,2850,202461,2026-02-07,Incorrect Charge,19.12,Resolved,Customer Service,2026-02-08,2026-02-10,Full Credit,12.14,3.0,True,2026-02-07 00:00:00
7c0b74a3-db15-4e3b-8b1d-3d567fd587f0,392,201948,2026-01-28,Usage Dispute,1877.26,In Progress,Finance,2026-02-01,,,,,,2026-01-28 00:00:00
e5ba35e1-6313-41d8-a00e-8903646fa206,777,204468,2026-02-26,Rate Dispute,56.01,Resolved,Disputes Team,2026-03-01,2026-03-22,Full Credit,20.32,24.0,True,2026-02-26 00:00:00
e2cc970b-9b23-438d-9bc0-24bd0b011ad0,162,204563,2026-02-23,Rate Dispute,15.08,Resolved,Disputes Team,2026-02-26,2026-03-19,Full Credit,5.2,24.0,True,2026-02-23 00:00:00
51e46f7c-c3ad-4016-b45a-932f833b975d,593,202433,2026-02-01,Incorrect Charge,144.95,In Progress,Finance,2026-02-04,,,,,,2026-02-01 00:00:00
922aeef4-ed05-4418-b896-ba86ecee923a,3665,200307,2026-01-08,Billing Error,3.03,Resolved,Disputes Team,2026-01-12,2026-01-19,No Action Required,1.69,11.0,True,2026-01-08 00:00:00
500ab11b-44ea-45f8-8e90-9b8032b81779,1682,200621,2026-01-14,Contract Terms,27.45,In Progress,Finance,2026-01-16,,,,,,2026-01-14 00:00:00
6b55faf2-3369-4b1e-b2fb-09ae7e988149,407,201336,2026-01-24,Billing Error,5582.8,Resolved,Customer Service,2026-01-29,2026-02-06,Goodwill Gesture,2030.65,13.0,True,2026-01-24 00:00:00
775beea6-cd05-49e2-9e24-e835b953e45a,2730,202233,2026-02-03,Billing Error,11.36,Resolved,Finance,2026-02-05,2026-02-07,Partial Credit,8.17,4.0,True,2026-02-03 00:00:00
98c25efc-a1e7-4403-b4e4-110cb77106f6,3686,204431,2026-02-26,Usage Dispute,25.84,Resolved,Customer Service,2026-02-27,2026-03-12,No Action Required,4.26,14.0,True,2026-02-26 00:00:00
2bf4c619-0016-4af1-8982-42deef29c732,229,200549,2026-01-13,Contract Terms,15.49,Resolved,Billing Team,2026-01-14,2026-01-24,No Action Required,1.9,11.0,True,2026-01-13 00:00:00
cf12a807-4c86-4d7d-ae6b-cdcaa3156e00,791,200878,2026-01-13,Contract Terms,1071.7,Resolved,Disputes Team,2026-01-16,2026-02-07,Goodwill Gesture,727.53,25.0,True,2026-01-13 00:00:00
bae31618-a46a-42d7-a52e-f1283921994a,3293,202187,2026-01-29,Usage Dispute,25.11,Resolved,Finance,2026-02-03,2026-02-11,Partial Credit,9.91,13.0,True,2026-01-29 00:00:00
b77154f2-54a5-4ce3-8522-1654f53baaf4,2867,203213,2026-02-08,Usage Dispute,21.43,Resolved,Billing Team,2026-02-11,2026-02-21,Rate Adjustment,3.14,13.0,True,2026-02-08 00:00:00
4ecea9b5-3eb5-45e5-82b1-0b22f0864f4d,3266,202783,2026-02-09,Incorrect Charge,51.5,Resolved,Finance,2026-02-10,2026-03-01,No Action Required,12.92,20.0,True,2026-02-09 00:00:00
8aa7728c-7662-4af6-9a76-72e15f79840e,2255,204204,2026-02-25,Service Not Received,50.72,Resolved,Customer Service,2026-03-01,2026-03-20,Partial Credit,22.49,23.0,False,2026-02-25 00:00:00
341e8d96-b440-497d-91f7-202abf3c8463,1407,202135,2026-02-02,Service Not Received,3.17,Resolved,Finance,2026-02-04,2026-02-27,Rate Adjustment,2.04,25.0,True,2026-02-02 00:00:00
42f86aad-0132-49ff-b79b-c5c9448897c3,2687,201638,2026-01-23,Billing Error,3.6,Resolved,Customer Service,2026-01-24,2026-02-02,No Action Required,0.25,10.0,False,2026-01-23 00:00:00
2564d250-9d08-4223-a126-017a29e7af94,626,200324,2026-01-09,Usage Dispute,6645.63,In Progress,Finance,2026-01-10,,,,,,2026-01-09 00:00:00
fdf52b92-5a5f-40dd-86dc-05825e126773,1557,202451,2026-02-01,Rate Dispute,29.47,In Progress,Disputes Team,2026-02-02,,,,,,2026-02-01 00:00:00
27e3e79b-1d37-4ef5-944a-cd61ae0f9ec8,3730,201139,2026-01-23,Billing Error,16.31,Resolved,Billing Team,2026-01-27,2026-02-05,Full Credit,8.56,13.0,True,2026-01-23 00:00:00
2ef567af-4fe4-410c-a648-40e0c29bc9d2,3778,200704,2026-01-14,Usage Dispute,28.25,Resolved,Finance,2026-01-17,2026-01-22,Partial Credit,21.24,8.0,True,2026-01-14 00:00:00
e76aed6d-37e3-4079-80e0-f4300804de8b,3366,203851,2026-02-15,Usage Dispute,47.64,Resolved,Customer Service,2026-02-17,2026-03-15,Partial Credit,36.6,28.0,True,2026-02-15 00:00:00
874a5ccf-d8f4-4dfc-98e1-5afceaf43ced,389,203224,2026-02-13,Service Not Received,18.91,Resolved,Disputes Team,2026-02-18,2026-02-22,No Action Required,8.47,9.0,True,2026-02-13 00:00:00
f568a6df-a061-4df3-bce0-e4e7fa3ac91f,531,200806,2026-01-12,Incorrect Charge,2030.93,In Progress,Disputes Team,2026-01-14,,,,,,2026-01-12 00:00:00
10b8165e-53b1-4ead-81ea-fb4eee58c06f,17,203424,2026-02-15,Billing Error,4111.52,Resolved,Billing Team,2026-02-17,2026-03-02,Rate Adjustment,1181.58,15.0,True,2026-02-15 00:00:00
3040bb8f-6423-414a-a8c5-2d7c3fe7eea2,1094,202176,2026-01-31,Usage Dispute,28.68,Resolved,Customer Service,2026-02-01,2026-02-14,Rate Adjustment,3.69,14.0,True,2026-01-31 00:00:00
ba1ea022-78c1-467b-a8f1-9955e98c6a22,3678,200031,2026-01-04,Contract Terms,24.53,Resolved,Disputes Team,2026-01-06,2026-02-03,Partial Credit,8.09,30.0,True,2026-01-04 00:00:00
592801fb-8d83-4104-bc82-4673e1587fd2,2172,202797,2026-02-09,Billing Error,29.39,Resolved,Disputes Team,2026-02-10,2026-02-20,Goodwill Gesture,22.26,11.0,True,2026-02-09 00:00:00
dda320a7-90a8-484b-82cb-a98f79be655f,4335,205224,2026-03-03,Incorrect Charge,7.06,Resolved,Finance,2026-03-06,2026-03-14,Full Credit,4.15,11.0,True,2026-03-03 00:00:00
a5484877-aa18-4c77-a503-7ea03fafc0e8,1313,202423,2026-02-06,Contract Terms,48.35,Resolved,Billing Team,2026-02-11,2026-02-11,Partial Credit,3.66,5.0,True,2026-02-06 00:00:00
f4132f70-5739-49db-bbff-091537cf29dd,3031,201793,2026-01-30,Contract Terms,21.48,Escalated,Customer Service,2026-02-02,,,,,,2026-01-30 00:00:00
1d498bb2-abaa-47f2-b319-a47388d84ff8,255,204281,2026-02-24,Contract Terms,4.6,Resolved,Disputes Team,2026-02-28,2026-03-03,Rate Adjustment,0.98,7.0,False,2026-02-24 00:00:00
95c12973-9d72-481a-8f6c-9a9342e2b582,928,201815,2026-01-23,Service Not Received,3963.2,Resolved,Billing Team,2026-01-25,2026-02-15,Partial Credit,2507.04,23.0,True,2026-01-23 00:00:00
dcce638e-e3b6-4faf-b974-ab68bafa9c1e,59,201599,2026-01-21,Contract Terms,13.54,Resolved,Billing Team,2026-01-23,2026-01-26,Full Credit,2.3,5.0,True,2026-01-21 00:00:00
07776f3d-2625-4ed2-9bc1-46710e4b4b0a,4171,201553,2026-01-27,Usage Dispute,40.09,Resolved,Customer Service,2026-01-30,2026-02-26,No Action Required,7.15,30.0,True,2026-01-27 00:00:00
b9f9c854-bba0-40ce-a128-47e90a180e72,595,203612,2026-02-16,Contract Terms,43.3,Resolved,Customer Service,2026-02-21,2026-03-17,Goodwill Gesture,27.09,29.0,True,2026-02-16 00:00:00
2672bcea-f239-4eb8-8774-a4f83a48f1ef,48,204682,2026-03-02,Contract Terms,1993.7,In Progress,Disputes Team,2026-03-06,,,,,,2026-03-02 00:00:00
164086d4-e143-467e-b9e1-356d01cc166c,317,204143,2026-02-21,Billing Error,4487.2,Resolved,Disputes Team,2026-02-22,2026-02-24,Full Credit,2661.49,3.0,True,2026-02-21 00:00:00
b1ceabb8-9192-4d56-b64e-d57bb88345a1,151,203941,2026-02-23,Incorrect Charge,4.78,Resolved,Customer Service,2026-02-26,2026-03-21,Partial Credit,0.02,26.0,True,2026-02-23 00:00:00
7c133e9f-fc1b-4f30-ae59-0f011a619bd8,944,204599,2026-02-23,Usage Dispute,8884.38,Resolved,Customer Service,2026-02-26,2026-03-25,Rate Adjustment,6994.57,30.0,True,2026-02-23 00:00:00
2655431c-67ee-400d-9c10-611019f59e8d,488,201889,2026-01-31,Rate Dispute,2177.05,Resolved,Disputes Team,2026-02-04,2026-03-01,Goodwill Gesture,798.67,29.0,True,2026-01-31 00:00:00
cdb61f28-6724-4567-a3fe-50796b4fb4f9,779,203266,2026-02-08,Incorrect Charge,2767.82,In Progress,Billing Team,2026-02-09,,,,,,2026-02-08 00:00:00
4e643873-bb10-4e2f-b046-b9897ba70feb,3630,200750,2026-01-18,Rate Dispute,12.62,Resolved,Billing Team,2026-01-19,2026-02-08,Goodwill Gesture,4.35,21.0,True,2026-01-18 00:00:00
113d5c40-787c-4e8f-93f7-55299f4d2e2b,993,202704,2026-02-09,Service Not Received,3378.42,Resolved,Billing Team,2026-02-11,2026-02-22,Rate Adjustment,2174.33,13.0,True,2026-02-09 00:00:00
f2f72b54-9e3c-4b1d-9379-7f48840d6da1,230,200910,2026-01-13,Rate Dispute,3069.33,Resolved,Disputes Team,2026-01-16,2026-01-25,Rate Adjustment,1516.4,12.0,True,2026-01-13 00:00:00
7cdd4bc0-6c15-4121-9852-2d1ac1b8a791,4463,200936,2026-01-20,Service Not Received,21.17,Resolved,Customer Service,2026-01-23,2026-02-17,Partial Credit,12.1,28.0,True,2026-01-20 00:00:00
1da804de-4a52-41f0-94d9-60e699dd2410,522,200141,2026-01-12,Usage Dispute,530.36,Resolved,Finance,2026-01-15,2026-02-07,Goodwill Gesture,181.57,26.0,True,2026-01-12 00:00:00
6c45cb52-5867-4ab0-a569-6d84b9952819,3089,201063,2026-01-16,Incorrect Charge,16.52,Resolved,Billing Team,2026-01-21,2026-01-22,Rate Adjustment,3.31,6.0,True,2026-01-16 00:00:00
7c1c8681-a625-4a79-9f6e-2c7b35dc211b,470,205091,2026-03-03,Rate Dispute,10726.29,Resolved,Disputes Team,2026-03-06,2026-03-13,No Action Required,4980.24,10.0,True,2026-03-03 00:00:00
29263d23-b174-4431-8b24-f7cb2a12ac01,4630,204292,2026-02-26,Incorrect Charge,23.03,Resolved,Finance,2026-03-02,2026-03-26,Partial Credit,16.76,28.0,True,2026-02-26 00:00:00
5ca7e732-dda1-46af-adfc-e77bf8010422,208,204962,2026-02-27,Service Not Received,4211.78,In Progress,Disputes Team,2026-03-04,,,,,,2026-02-27 00:00:00
9597a802-c07b-44ec-bc81-c6a3088db819,119,204929,2026-03-05,Service Not Received,1873.82,Escalated,Finance,2026-03-07,,,,,,2026-03-05 00:00:00
164e6905-e18c-4ecb-9c41-5a16c9bc32dd,976,205363,2026-03-03,Contract Terms,1678.88,Resolved,Customer Service,2026-03-07,2026-03-09,Goodwill Gesture,430.6,6.0,True,2026-03-03 00:00:00
4012be6d-8ac3-48a1-b77b-27d3c9f9cfcb,854,201617,2026-01-26,Billing Error,9169.18,Resolved,Finance,2026-01-30,2026-02-24,Rate Adjustment,4547.9,29.0,True,2026-01-26 00:00:00
a3f1aab9-8483-4c42-9c8a-41688e0701b3,3861,205132,2026-03-01,Service Not Received,84.42,Resolved,Disputes Team,2026-03-06,2026-03-06,No Action Required,57.57,5.0,True,2026-03-01 00:00:00
ccf47557-eb56-44ad-b686-967eded9a375,2064,201777,2026-01-26,Billing Error,80.88,Resolved,Billing Team,2026-01-31,2026-02-10,No Action Required,23.57,15.0,True,2026-01-26 00:00:00
2f7974da-1bd2-4d6e-8421-aae6dac63650,3825,202259,2026-01-30,Usage Dispute,3.36,Resolved,Finance,2026-01-31,2026-02-02,Partial Credit,1.32,3.0,True,2026-01-30 00:00:00
d3c8a802-8a90-4cbe-9671-007e832d4585,4592,203616,2026-02-15,Rate Dispute,64.9,Resolved,Disputes Team,2026-02-19,2026-03-12,Full Credit,31.0,25.0,False,2026-02-15 00:00:00
e88941ed-0845-40aa-a148-5d654762f10d,4440,204835,2026-03-03,Contract Terms,19.42,Resolved,Finance,2026-03-05,2026-03-12,Partial Credit,14.25,9.0,True,2026-03-03 00:00:00
363949fe-1b66-4d24-9527-1ab86fe312ee,510,201272,2026-01-18,Incorrect Charge,6.27,In Progress,Disputes Team,2026-01-21,,,,,,2026-01-18 00:00:00
80d85ea5-29f4-43e7-b71f-acf3391cc132,2353,203420,2026-02-14,Contract Terms,58.56,Resolved,Customer Service,2026-02-17,2026-03-10,Full Credit,20.41,24.0,False,2026-02-14 00:00:00
0239271d-bef4-4e9c-8a10-b8a8272fc739,1005,202339,2026-02-02,Billing Error,50.2,Resolved,Finance,2026-02-07,2026-02-07,No Action Required,9.63,5.0,True,2026-02-02 00:00:00
968e26b5-f0f9-4e12-873f-02e3906c5722,1338,203504,2026-02-12,Service Not Received,48.53,Escalated,Billing Team,2026-02-14,,,,,,2026-02-12 00:00:00
0bc0ebd3-7fc9-4883-a25c-56aa4f035ce9,1351,204230,2026-02-21,Service Not Received,42.07,Resolved,Disputes Team,2026-02-23,2026-03-23,Full Credit,14.99,30.0,True,2026-02-21 00:00:00
9f845a92-8800-4190-a36b-024f64c294ac,3755,202483,2026-02-02,Billing Error,19.05,Resolved,Disputes Team,2026-02-07,2026-02-28,Full Credit,11.96,26.0,False,2026-02-02 00:00:00
b5b52a83-6d50-4ac1-98a6-a6f2a867c427,843,200386,2026-01-14,Usage Dispute,1107.71,Resolved,Finance,2026-01-19,2026-01-31,Rate Adjustment,369.36,17.0,False,2026-01-14 00:00:00
